Start,Finish,Steps (count)
13-Sep-2014 00:00,14-Sep-2014 00:00,13132.0
14-Sep-2014 00:00,15-Sep-2014 00:00,23778.0
15-Sep-2014 00:00,16-Sep-2014 00:00,9459.0
16-Sep-2014 00:00,17-Sep-2014 00:00,12109.0
17-Sep-2014 00:00,18-Sep-2014 00:00,11904.0
18-Sep-2014 00:00,19-Sep-2014 00:00,8292.0
19-Sep-2014 00:00,20-Sep-2014 00:00,7304.0
20-Sep-2014 00:00,21-Sep-2014 00:00,12433.0
21-Sep-2014 00:00,22-Sep-2014 00:00,7520.0
22-Sep-2014 00:00,23-Sep-2014 00:00,9176.0
23-Sep-2014 00:00,24-Sep-2014 00:00,7697.0
24-Sep-2014 00:00,25-Sep-2014 00:00,10640.0
25-Sep-2014 00:00,26-Sep-2014 00:00,12087.0
26-Sep-2014 00:00,27-Sep-2014 00:00,7745.0
27-Sep-2014 00:00,28-Sep-2014 00:00,10438.0
28-Sep-2014 00:00,29-Sep-2014 00:00,9323.0
29-Sep-2014 00:00,30-Sep-2014 00:00,11888.0
30-Sep-2014 00:00,01-Oct-2014 00:00,10785.0
01-Oct-2014 00:00,02-Oct-2014 00:00,11977.0
02-Oct-2014 00:00,03-Oct-2014 00:00,6871.0
03-Oct-2014 00:00,04-Oct-2014 00:00,8660.0
04-Oct-2014 00:00,05-Oct-2014 00:00,9568.0
05-Oct-2014 00:00,06-Oct-2014 00:00,17670.0
06-Oct-2014 00:00,07-Oct-2014 00:00,13408.0
07-Oct-2014 00:00,08-Oct-2014 00:00,9765.0
08-Oct-2014 00:00,09-Oct-2014 00:00,0.0
09-Oct-2014 00:00,10-Oct-2014 00:00,656.0
10-Oct-2014 00:00,11-Oct-2014 00:00,15045.0
11-Oct-2014 00:00,12-Oct-2014 00:00,16236.0
12-Oct-2014 00:00,13-Oct-2014 00:00,17790.0
13-Oct-2014 00:00,14-Oct-2014 00:00,0.0
14-Oct-2014 00:00,15-Oct-2014 00:00,0.0
15-Oct-2014 00:00,16-Oct-2014 00:00,19956.0
16-Oct-2014 00:00,17-Oct-2014 00:00,13640.0
17-Oct-2014 00:00,18-Oct-2014 00:00,17442.0
18-Oct-2014 00:00,19-Oct-2014 00:00,12643.0
19-Oct-2014 00:00,20-Oct-2014 00:00,18035.0
20-Oct-2014 00:00,21-Oct-2014 00:00,13478.0
21-Oct-2014 00:00,22-Oct-2014 00:00,18460.0
22-Oct-2014 00:00,23-Oct-2014 00:00,18720.0
23-Oct-2014 00:00,24-Oct-2014 00:00,21547.0
24-Oct-2014 00:00,25-Oct-2014 00:00,12149.0
25-Oct-2014 00:00,26-Oct-2014 00:00,12159.0
26-Oct-2014 00:00,27-Oct-2014 00:00,8626.0
27-Oct-2014 00:00,28-Oct-2014 00:00,7899.0
28-Oct-2014 00:00,29-Oct-2014 00:00,10637.0
29-Oct-2014 00:00,30-Oct-2014 00:00,12188.0
30-Oct-2014 00:00,31-Oct-2014 00:00,8576.0
31-Oct-2014 00:00,01-Nov-2014 00:00,9488.0
01-Nov-2014 00:00,02-Nov-2014 00:00,13842.0
02-Nov-2014 00:00,03-Nov-2014 00:00,24923.0
03-Nov-2014 00:00,04-Nov-2014 00:00,15031.0
04-Nov-2014 00:00,05-Nov-2014 00:00,8018.0
05-Nov-2014 00:00,06-Nov-2014 00:00,8514.0
06-Nov-2014 00:00,07-Nov-2014 00:00,11701.0
07-Nov-2014 00:00,08-Nov-2014 00:00,11064.0
08-Nov-2014 00:00,09-Nov-2014 00:00,15899.0
09-Nov-2014 00:00,10-Nov-2014 00:00,12734.0
10-Nov-2014 00:00,11-Nov-2014 00:00,14482.0
11-Nov-2014 00:00,12-Nov-2014 00:00,11305.2203389831
12-Nov-2014 00:00,13-Nov-2014 00:00,13167.0338983051
13-Nov-2014 00:00,14-Nov-2014 00:00,13940.3559322034
14-Nov-2014 00:00,15-Nov-2014 00:00,14978.9491525424
15-Nov-2014 00:00,16-Nov-2014 00:00,14552.7796610169
16-Nov-2014 00:00,17-Nov-2014 00:00,13604.7966101695
17-Nov-2014 00:00,18-Nov-2014 00:00,13810.6779661017
18-Nov-2014 00:00,19-Nov-2014 00:00,14783.6101694915
19-Nov-2014 00:00,20-Nov-2014 00:00,17393.9152542373
20-Nov-2014 00:00,21-Nov-2014 00:00,16526.8474576271
21-Nov-2014 00:00,22-Nov-2014 00:00,10486.1016949153
22-Nov-2014 00:00,23-Nov-2014 00:00,16582.4915254237
23-Nov-2014 00:00,24-Nov-2014 00:00,16926.3220338983
24-Nov-2014 00:00,25-Nov-2014 00:00,14438.0847457627
25-Nov-2014 00:00,26-Nov-2014 00:00,13962.8644067797
26-Nov-2014 00:00,27-Nov-2014 00:00,24263.0338983051
27-Nov-2014 00:00,28-Nov-2014 00:00,8607.25423728814
28-Nov-2014 00:00,29-Nov-2014 00:00,14700.3220338983
29-Nov-2014 00:00,30-Nov-2014 00:00,17964.3050847458
30-Nov-2014 00:00,01-Dec-2014 00:00,8924.79661016949
01-Dec-2014 00:00,02-Dec-2014 00:00,16377.7457627119
02-Dec-2014 00:00,03-Dec-2014 00:00,17709.7627118644
03-Dec-2014 00:00,04-Dec-2014 00:00,12168.5423728814
04-Dec-2014 00:00,05-Dec-2014 00:00,19259.7627118644
05-Dec-2014 00:00,06-Dec-2014 00:00,7951.4406779661
06-Dec-2014 00:00,07-Dec-2014 00:00,10017.7966101695
07-Dec-2014 00:00,08-Dec-2014 00:00,10904.7627118644
08-Dec-2014 00:00,09-Dec-2014 00:00,16027.7796610169
09-Dec-2014 00:00,10-Dec-2014 00:00,13369.5593220339
10-Dec-2014 00:00,11-Dec-2014 00:00,10851.6101694915
11-Dec-2014 00:00,12-Dec-2014 00:00,21416.9491525424
12-Dec-2014 00:00,13-Dec-2014 00:00,18824.7288135593
13-Dec-2014 00:00,14-Dec-2014 00:00,14855.7288135593
14-Dec-2014 00:00,15-Dec-2014 00:00,16980.0847457627
15-Dec-2014 00:00,16-Dec-2014 00:00,13544.5423728814
16-Dec-2014 00:00,17-Dec-2014 00:00,13111.6440677966
17-Dec-2014 00:00,18-Dec-2014 00:00,13474.0677966102
18-Dec-2014 00:00,19-Dec-2014 00:00,16660.9491525424
19-Dec-2014 00:00,20-Dec-2014 00:00,17813.5423728814
20-Dec-2014 00:00,21-Dec-2014 00:00,21465.7627118644
21-Dec-2014 00:00,22-Dec-2014 00:00,16205.5084745763
22-Dec-2014 00:00,23-Dec-2014 00:00,14534.4576271186
23-Dec-2014 00:00,24-Dec-2014 00:00,12200.4237288136
24-Dec-2014 00:00,25-Dec-2014 00:00,10793.593220339
25-Dec-2014 00:00,26-Dec-2014 00:00,7702.91525423729
26-Dec-2014 00:00,27-Dec-2014 00:00,11308.5254237288
27-Dec-2014 00:00,28-Dec-2014 00:00,11144.8644067797
28-Dec-2014 00:00,29-Dec-2014 00:00,13694.3559322034
29-Dec-2014 00:00,30-Dec-2014 00:00,23239.1694915254
30-Dec-2014 00:00,31-Dec-2014 00:00,17117.0508474576
31-Dec-2014 00:00,01-Jan-2015 00:00,16265.3559322034
01-Jan-2015 00:00,02-Jan-2015 00:00,15014.8983050847
02-Jan-2015 00:00,03-Jan-2015 00:00,4972.52542372881
03-Jan-2015 00:00,04-Jan-2015 00:00,12352.5084745763
04-Jan-2015 00:00,05-Jan-2015 00:00,17041.5423728814
05-Jan-2015 00:00,06-Jan-2015 00:00,16814.5084745763
06-Jan-2015 00:00,07-Jan-2015 00:00,12989.186440678
07-Jan-2015 00:00,08-Jan-2015 00:00,11065.2542372881
08-Jan-2015 00:00,09-Jan-2015 00:00,17732.6440677966
09-Jan-2015 00:00,10-Jan-2015 00:00,15228.7796610169
10-Jan-2015 00:00,11-Jan-2015 00:00,17703.9491525424
11-Jan-2015 00:00,12-Jan-2015 00:00,9201.01694915254
12-Jan-2015 00:00,13-Jan-2015 00:00,23105.7288135593
13-Jan-2015 00:00,14-Jan-2015 00:00,17647.7457627119
14-Jan-2015 00:00,15-Jan-2015 00:00,14586.0677966102
15-Jan-2015 00:00,16-Jan-2015 00:00,13144.2542372881
16-Jan-2015 00:00,17-Jan-2015 00:00,13616.8474576271
17-Jan-2015 00:00,18-Jan-2015 00:00,15164.9661016949
18-Jan-2015 00:00,19-Jan-2015 00:00,11872.406779661
19-Jan-2015 00:00,20-Jan-2015 00:00,17820.0677966102
20-Jan-2015 00:00,21-Jan-2015 00:00,11936.8305084746
21-Jan-2015 00:00,22-Jan-2015 00:00,10404.9830508475
22-Jan-2015 00:00,23-Jan-2015 00:00,15420.3559322034
23-Jan-2015 00:00,24-Jan-2015 00:00,7924.47457627119
24-Jan-2015 00:00,25-Jan-2015 00:00,13747.2711864407
25-Jan-2015 00:00,26-Jan-2015 00:00,15815.6610169492
26-Jan-2015 00:00,27-Jan-2015 00:00,13665.4237288136
27-Jan-2015 00:00,28-Jan-2015 00:00,16491.8813559322
28-Jan-2015 00:00,29-Jan-2015 00:00,13078.8305084746
29-Jan-2015 00:00,30-Jan-2015 00:00,13131.3728813559
30-Jan-2015 00:00,31-Jan-2015 00:00,24867.2881355932
31-Jan-2015 00:00,01-Feb-2015 00:00,14398.0169491525
01-Feb-2015 00:00,02-Feb-2015 00:00,7157.96610169492
02-Feb-2015 00:00,03-Feb-2015 00:00,18693.2372881356
03-Feb-2015 00:00,04-Feb-2015 00:00,17543.7966101695
04-Feb-2015 00:00,05-Feb-2015 00:00,17980.186440678
05-Feb-2015 00:00,06-Feb-2015 00:00,12660.7457627119
06-Feb-2015 00:00,07-Feb-2015 00:00,1851.64406779661
07-Feb-2015 00:00,08-Feb-2015 00:00,10673.6610169492
08-Feb-2015 00:00,09-Feb-2015 00:00,10710.8644067797
09-Feb-2015 00:00,10-Feb-2015 00:00,13157.0508474576
10-Feb-2015 00:00,11-Feb-2015 00:00,18293.4576271186
11-Feb-2015 00:00,12-Feb-2015 00:00,14741.3898305085
12-Feb-2015 00:00,13-Feb-2015 00:00,16019.5593220339
13-Feb-2015 00:00,14-Feb-2015 00:00,14592.9491525424
14-Feb-2015 00:00,15-Feb-2015 00:00,19304.813559322
15-Feb-2015 00:00,16-Feb-2015 00:00,14125.4237288136
16-Feb-2015 00:00,17-Feb-2015 00:00,11817.6949152542
17-Feb-2015 00:00,18-Feb-2015 00:00,14603.2203389831
18-Feb-2015 00:00,19-Feb-2015 00:00,15905.4576271186
19-Feb-2015 00:00,20-Feb-2015 00:00,11112.3728813559
20-Feb-2015 00:00,21-Feb-2015 00:00,22659.0
21-Feb-2015 00:00,22-Feb-2015 00:00,11751.7796610169
22-Feb-2015 00:00,23-Feb-2015 00:00,9040.67796610169
23-Feb-2015 00:00,24-Feb-2015 00:00,18939.8644067797
24-Feb-2015 00:00,25-Feb-2015 00:00,15160.7966101695
25-Feb-2015 00:00,26-Feb-2015 00:00,23142.0169491525
26-Feb-2015 00:00,27-Feb-2015 00:00,15544.7457627119
27-Feb-2015 00:00,28-Feb-2015 00:00,12774.0508474576
28-Feb-2015 00:00,01-Mar-2015 00:00,14487.3559322034
01-Mar-2015 00:00,02-Mar-2015 00:00,12636.4237288136
02-Mar-2015 00:00,03-Mar-2015 00:00,16478.7796610169
03-Mar-2015 00:00,04-Mar-2015 00:00,17742.9152542373
04-Mar-2015 00:00,05-Mar-2015 00:00,13951.0
05-Mar-2015 00:00,06-Mar-2015 00:00,16903.4406779661
06-Mar-2015 00:00,07-Mar-2015 00:00,16772.7288135593
07-Mar-2015 00:00,08-Mar-2015 00:00,14801.0508474576
08-Mar-2015 00:00,09-Mar-2015 00:00,24620.1186440678
09-Mar-2015 00:00,10-Mar-2015 00:00,14597.5423728814
10-Mar-2015 00:00,11-Mar-2015 00:00,16029.6440677966
11-Mar-2015 00:00,12-Mar-2015 00:00,15764.8813559322
12-Mar-2015 00:00,13-Mar-2015 00:00,22380.8644067796
13-Mar-2015 00:00,14-Mar-2015 00:00,21991.186440678
14-Mar-2015 00:00,15-Mar-2015 00:00,9506.98305084746
15-Mar-2015 00:00,16-Mar-2015 00:00,17642.1694915254
16-Mar-2015 00:00,17-Mar-2015 00:00,11446.0
17-Mar-2015 00:00,18-Mar-2015 00:00,6326.08474576271
18-Mar-2015 00:00,19-Mar-2015 00:00,12025.6101694915
19-Mar-2015 00:00,20-Mar-2015 00:00,13745.593220339
20-Mar-2015 00:00,21-Mar-2015 00:00,14956.2372881356
21-Mar-2015 00:00,22-Mar-2015 00:00,9652.33898305085
22-Mar-2015 00:00,23-Mar-2015 00:00,11330.8644067797
23-Mar-2015 00:00,24-Mar-2015 00:00,16010.1694915254
24-Mar-2015 00:00,25-Mar-2015 00:00,15704.8305084746
25-Mar-2015 00:00,26-Mar-2015 00:00,14352.0508474576
26-Mar-2015 00:00,27-Mar-2015 00:00,9082.03389830509
27-Mar-2015 00:00,28-Mar-2015 00:00,19844.2881355932
28-Mar-2015 00:00,29-Mar-2015 00:00,8580.98305084746
29-Mar-2015 00:00,30-Mar-2015 00:00,9639.61016949153
30-Mar-2015 00:00,31-Mar-2015 00:00,15228.4915254237
31-Mar-2015 00:00,01-Apr-2015 00:00,18398.4237288136
01-Apr-2015 00:00,02-Apr-2015 00:00,10869.9322033898
02-Apr-2015 00:00,03-Apr-2015 00:00,17152.7966101695
03-Apr-2015 00:00,04-Apr-2015 00:00,8731.38983050847
04-Apr-2015 00:00,05-Apr-2015 00:00,14457.0508474576
05-Apr-2015 00:00,06-Apr-2015 00:00,24732.2542372881
06-Apr-2015 00:00,07-Apr-2015 00:00,13757.593220339
07-Apr-2015 00:00,08-Apr-2015 00:00,18521.8305084746
08-Apr-2015 00:00,09-Apr-2015 00:00,13860.0508474576
09-Apr-2015 00:00,10-Apr-2015 00:00,17691.8305084746
10-Apr-2015 00:00,11-Apr-2015 00:00,24025.4406779661
11-Apr-2015 00:00,12-Apr-2015 00:00,19413.8813559322
12-Apr-2015 00:00,13-Apr-2015 00:00,23020.2711864407
13-Apr-2015 00:00,14-Apr-2015 00:00,16426.1694915254
14-Apr-2015 00:00,15-Apr-2015 00:00,23225.4237288136
15-Apr-2015 00:00,16-Apr-2015 00:00,19738.7966101695
16-Apr-2015 00:00,17-Apr-2015 00:00,15145.9830508475
17-Apr-2015 00:00,18-Apr-2015 00:00,15741.1016949153
18-Apr-2015 00:00,19-Apr-2015 00:00,14487.7966101695
19-Apr-2015 00:00,20-Apr-2015 00:00,21895.9152542373
20-Apr-2015 00:00,21-Apr-2015 00:00,19758.7457627119
21-Apr-2015 00:00,22-Apr-2015 00:00,16081.8813559322
22-Apr-2015 00:00,23-Apr-2015 00:00,22227.0
23-Apr-2015 00:00,24-Apr-2015 00:00,16768.0508474576
24-Apr-2015 00:00,25-Apr-2015 00:00,17488.406779661
25-Apr-2015 00:00,26-Apr-2015 00:00,21963.1016949153
26-Apr-2015 00:00,27-Apr-2015 00:00,27375.0169491525
27-Apr-2015 00:00,28-Apr-2015 00:00,21590.3898305085
28-Apr-2015 00:00,29-Apr-2015 00:00,16345.8983050847
29-Apr-2015 00:00,30-Apr-2015 00:00,26915.7627118644
30-Apr-2015 00:00,01-May-2015 00:00,21669.4576271186
01-May-2015 00:00,02-May-2015 00:00,12257.1355932203
02-May-2015 00:00,03-May-2015 00:00,16888.0
03-May-2015 00:00,04-May-2015 00:00,22840.1186440678
04-May-2015 00:00,05-May-2015 00:00,19443.9152542373
05-May-2015 00:00,06-May-2015 00:00,14787.9152542373
06-May-2015 00:00,07-May-2015 00:00,17884.3898305085
07-May-2015 00:00,08-May-2015 00:00,17855.0847457627
08-May-2015 00:00,09-May-2015 00:00,17730.8305084746
09-May-2015 00:00,10-May-2015 00:00,25895.7118644068
10-May-2015 00:00,11-May-2015 00:00,19006.9322033898
11-May-2015 00:00,12-May-2015 00:00,17567.9661016949
12-May-2015 00:00,13-May-2015 00:00,18609.4237288136
13-May-2015 00:00,14-May-2015 00:00,16475.5254237288
14-May-2015 00:00,15-May-2015 00:00,26567.186440678
15-May-2015 00:00,16-May-2015 00:00,17775.6440677966
16-May-2015 00:00,17-May-2015 00:00,19745.7796610169
17-May-2015 00:00,18-May-2015 00:00,31206.813559322
18-May-2015 00:00,19-May-2015 00:00,17862.9661016949
19-May-2015 00:00,20-May-2015 00:00,17357.7966101695
20-May-2015 00:00,21-May-2015 00:00,24569.1525423729
21-May-2015 00:00,22-May-2015 00:00,9224.0
22-May-2015 00:00,23-May-2015 00:00,15505.4576271186
23-May-2015 00:00,24-May-2015 00:00,13054.6949152542
24-May-2015 00:00,25-May-2015 00:00,24316.5762711864
25-May-2015 00:00,26-May-2015 00:00,21697.9830508475
26-May-2015 00:00,27-May-2015 00:00,19571.5593220339
27-May-2015 00:00,28-May-2015 00:00,21575.5084745763
28-May-2015 00:00,29-May-2015 00:00,19510.6440677966
29-May-2015 00:00,30-May-2015 00:00,24545.5084745763
30-May-2015 00:00,31-May-2015 00:00,24729.1525423729
31-May-2015 00:00,01-Jun-2015 00:00,14773.8644067797
01-Jun-2015 00:00,02-Jun-2015 00:00,18676.3728813559
02-Jun-2015 00:00,03-Jun-2015 00:00,20755.3898305085
03-Jun-2015 00:00,04-Jun-2015 00:00,13066.3220338983
04-Jun-2015 00:00,05-Jun-2015 00:00,19666.701584526
05-Jun-2015 00:00,06-Jun-2015 00:00,17643.6204493723
06-Jun-2015 00:00,07-Jun-2015 00:00,13159.3559322034
07-Jun-2015 00:00,08-Jun-2015 00:00,23618.7457627119
08-Jun-2015 00:00,09-Jun-2015 00:00,13492.7627118644
09-Jun-2015 00:00,10-Jun-2015 00:00,15850.5254237288
10-Jun-2015 00:00,11-Jun-2015 00:00,20102.9491525424
11-Jun-2015 00:00,12-Jun-2015 00:00,10930.9661016949
12-Jun-2015 00:00,13-Jun-2015 00:00,21180.7627118644
13-Jun-2015 00:00,14-Jun-2015 00:00,28945.406779661
14-Jun-2015 00:00,15-Jun-2015 00:00,21265.7627118644
15-Jun-2015 00:00,16-Jun-2015 00:00,16563.9322033898
16-Jun-2015 00:00,17-Jun-2015 00:00,13571.5762711864
17-Jun-2015 00:00,18-Jun-2015 00:00,17896.1016949153
18-Jun-2015 00:00,19-Jun-2015 00:00,17721.6101694915
19-Jun-2015 00:00,20-Jun-2015 00:00,17473.4406779661
20-Jun-2015 00:00,21-Jun-2015 00:00,37310.3220338983
21-Jun-2015 00:00,22-Jun-2015 00:00,15599.8644067797
22-Jun-2015 00:00,23-Jun-2015 00:00,16845.5254237288
23-Jun-2015 00:00,24-Jun-2015 00:00,19970.8983050847
24-Jun-2015 00:00,25-Jun-2015 00:00,13250.7966101695
25-Jun-2015 00:00,26-Jun-2015 00:00,18396.7966101695
26-Jun-2015 00:00,27-Jun-2015 00:00,25011.5762711864
27-Jun-2015 00:00,28-Jun-2015 00:00,26574.9568557627
28-Jun-2015 00:00,29-Jun-2015 00:00,3666.31433067794
29-Jun-2015 00:00,30-Jun-2015 00:00,16637.0716369766
30-Jun-2015 00:00,01-Jul-2015 00:00,23506.0639562437
01-Jul-2015 00:00,02-Jul-2015 00:00,15299.7288135593
02-Jul-2015 00:00,03-Jul-2015 00:00,12414.9830508475
03-Jul-2015 00:00,04-Jul-2015 00:00,17672.8813559322
04-Jul-2015 00:00,05-Jul-2015 00:00,17817.8558063501
05-Jul-2015 00:00,06-Jul-2015 00:00,20194.5170750059
06-Jul-2015 00:00,07-Jul-2015 00:00,19853.5762711864
07-Jul-2015 00:00,08-Jul-2015 00:00,15896.4745762712
08-Jul-2015 00:00,09-Jul-2015 00:00,20142.6610169492
09-Jul-2015 00:00,10-Jul-2015 00:00,13827.0677966102
10-Jul-2015 00:00,11-Jul-2015 00:00,14693.0
11-Jul-2015 00:00,12-Jul-2015 00:00,16988.0169491525
12-Jul-2015 00:00,13-Jul-2015 00:00,24434.593220339
13-Jul-2015 00:00,14-Jul-2015 00:00,14333.2711864407
14-Jul-2015 00:00,15-Jul-2015 00:00,16602.7627118644
15-Jul-2015 00:00,16-Jul-2015 00:00,18463.1016949153
16-Jul-2015 00:00,17-Jul-2015 00:00,19790.1355932203
17-Jul-2015 00:00,18-Jul-2015 00:00,13871.9322033898
18-Jul-2015 00:00,19-Jul-2015 00:00,18501.6610169492
19-Jul-2015 00:00,20-Jul-2015 00:00,12199.9830508475
20-Jul-2015 00:00,21-Jul-2015 00:00,13692.593220339
21-Jul-2015 00:00,22-Jul-2015 00:00,25950.6779661017
22-Jul-2015 00:00,23-Jul-2015 00:00,21649.3050847458
23-Jul-2015 00:00,24-Jul-2015 00:00,21850.3728813559
24-Jul-2015 00:00,25-Jul-2015 00:00,20206.1186440678
25-Jul-2015 00:00,26-Jul-2015 00:00,28869.7288135593
26-Jul-2015 00:00,27-Jul-2015 00:00,10158.3389830508
27-Jul-2015 00:00,28-Jul-2015 00:00,7687.38983050847
28-Jul-2015 00:00,29-Jul-2015 00:00,9790.91525423729
29-Jul-2015 00:00,30-Jul-2015 00:00,15977.9322033898
30-Jul-2015 00:00,31-Jul-2015 00:00,12760.5254237288
31-Jul-2015 00:00,01-Aug-2015 00:00,15542.0
01-Aug-2015 00:00,02-Aug-2015 00:00,12229.0338983051
02-Aug-2015 00:00,03-Aug-2015 00:00,15281.0677966102
03-Aug-2015 00:00,04-Aug-2015 00:00,18844.8813559322
04-Aug-2015 00:00,05-Aug-2015 00:00,18311.0338983051
05-Aug-2015 00:00,06-Aug-2015 00:00,23851.0
06-Aug-2015 00:00,07-Aug-2015 00:00,17813.2033898305
07-Aug-2015 00:00,08-Aug-2015 00:00,17447.186440678
08-Aug-2015 00:00,09-Aug-2015 00:00,17446.5643447218
09-Aug-2015 00:00,10-Aug-2015 00:00,19730.2153162952
10-Aug-2015 00:00,11-Aug-2015 00:00,12900.9830508475
11-Aug-2015 00:00,12-Aug-2015 00:00,17087.9661016949
12-Aug-2015 00:00,13-Aug-2015 00:00,21925.5084745763
13-Aug-2015 00:00,14-Aug-2015 00:00,18736.0508474576
14-Aug-2015 00:00,15-Aug-2015 00:00,25697.6610169491
15-Aug-2015 00:00,16-Aug-2015 00:00,26515.9304283109
16-Aug-2015 00:00,17-Aug-2015 00:00,14750.2729615196
17-Aug-2015 00:00,18-Aug-2015 00:00,16661.1186440678
18-Aug-2015 00:00,19-Aug-2015 00:00,20005.7457627119
19-Aug-2015 00:00,20-Aug-2015 00:00,19018.406779661
20-Aug-2015 00:00,21-Aug-2015 00:00,20928.7457627119
21-Aug-2015 00:00,22-Aug-2015 00:00,16263.6610169492
22-Aug-2015 00:00,23-Aug-2015 00:00,18774.0847457627
23-Aug-2015 00:00,24-Aug-2015 00:00,18466.9152542373
24-Aug-2015 00:00,25-Aug-2015 00:00,19076.5593220339
25-Aug-2015 00:00,26-Aug-2015 00:00,19383.1694915254
26-Aug-2015 00:00,27-Aug-2015 00:00,18983.6779661017
27-Aug-2015 00:00,28-Aug-2015 00:00,16575.65471517
28-Aug-2015 00:00,29-Aug-2015 00:00,24775.5825729655
29-Aug-2015 00:00,30-Aug-2015 00:00,38559.2881355932
30-Aug-2015 00:00,31-Aug-2015 00:00,17787.2881355932
31-Aug-2015 00:00,01-Sep-2015 00:00,15588.9491525424
01-Sep-2015 00:00,02-Sep-2015 00:00,13062.4745762712
02-Sep-2015 00:00,03-Sep-2015 00:00,18211.2372881356
03-Sep-2015 00:00,04-Sep-2015 00:00,13974.6949152542
04-Sep-2015 00:00,05-Sep-2015 00:00,18262.5084745763
05-Sep-2015 00:00,06-Sep-2015 00:00,24391.813559322
06-Sep-2015 00:00,07-Sep-2015 00:00,20582.9322033898
07-Sep-2015 00:00,08-Sep-2015 00:00,16317.1355932203
08-Sep-2015 00:00,09-Sep-2015 00:00,17141.2711864407
09-Sep-2015 00:00,10-Sep-2015 00:00,20780.3898305085
10-Sep-2015 00:00,11-Sep-2015 00:00,19346.5254237288
11-Sep-2015 00:00,12-Sep-2015 00:00,16559.5254237288
12-Sep-2015 00:00,13-Sep-2015 00:00,12574.6949152542
13-Sep-2015 00:00,14-Sep-2015 00:00,13003.4915254237
14-Sep-2015 00:00,15-Sep-2015 00:00,17725.7118644068
15-Sep-2015 00:00,16-Sep-2015 00:00,14125.4745762712
16-Sep-2015 00:00,17-Sep-2015 00:00,14819.1694915254
17-Sep-2015 00:00,18-Sep-2015 00:00,15760.2881355932
18-Sep-2015 00:00,19-Sep-2015 00:00,26671.9661016949
19-Sep-2015 00:00,20-Sep-2015 00:00,12753.6779661017
20-Sep-2015 00:00,21-Sep-2015 00:00,20684.0677966102
21-Sep-2015 00:00,22-Sep-2015 00:00,16590.8983050847
22-Sep-2015 00:00,23-Sep-2015 00:00,19857.7118644068
23-Sep-2015 00:00,24-Sep-2015 00:00,16356.4576271186
24-Sep-2015 00:00,25-Sep-2015 00:00,21264.593220339
25-Sep-2015 00:00,26-Sep-2015 00:00,17337.0169491525
26-Sep-2015 00:00,27-Sep-2015 00:00,14427.8813559322
27-Sep-2015 00:00,28-Sep-2015 00:00,7333.62711864407
28-Sep-2015 00:00,29-Sep-2015 00:00,16356.0847457627
29-Sep-2015 00:00,30-Sep-2015 00:00,17766.9152542373
30-Sep-2015 00:00,01-Oct-2015 00:00,20688.2203389831
01-Oct-2015 00:00,02-Oct-2015 00:00,22557.813559322
02-Oct-2015 00:00,03-Oct-2015 00:00,16834.2033898305
03-Oct-2015 00:00,04-Oct-2015 00:00,26499.7288135593
04-Oct-2015 00:00,05-Oct-2015 00:00,18749.2542372881
05-Oct-2015 00:00,06-Oct-2015 00:00,16582.3220338983
06-Oct-2015 00:00,07-Oct-2015 00:00,16372.3728813559
07-Oct-2015 00:00,08-Oct-2015 00:00,7829.84745762712
08-Oct-2015 00:00,09-Oct-2015 00:00,16742.7118644068
09-Oct-2015 00:00,10-Oct-2015 00:00,19428.4237288136
10-Oct-2015 00:00,11-Oct-2015 00:00,13829.6440677966
11-Oct-2015 00:00,12-Oct-2015 00:00,26083.4406779661
12-Oct-2015 00:00,13-Oct-2015 00:00,19811.593220339
13-Oct-2015 00:00,14-Oct-2015 00:00,17310.6271186441
14-Oct-2015 00:00,15-Oct-2015 00:00,16059.5084745763
15-Oct-2015 00:00,16-Oct-2015 00:00,31219.406779661
16-Oct-2015 00:00,17-Oct-2015 00:00,20751.3050847458
17-Oct-2015 00:00,18-Oct-2015 00:00,29348.4237288136
18-Oct-2015 00:00,19-Oct-2015 00:00,22010.7118644068
19-Oct-2015 00:00,20-Oct-2015 00:00,17858.4915254237
20-Oct-2015 00:00,21-Oct-2015 00:00,19811.0169491525
21-Oct-2015 00:00,22-Oct-2015 00:00,20875.8983050847
22-Oct-2015 00:00,23-Oct-2015 00:00,18070.7627118644
23-Oct-2015 00:00,24-Oct-2015 00:00,21970.9661016949
24-Oct-2015 00:00,25-Oct-2015 00:00,20150.813559322
25-Oct-2015 00:00,26-Oct-2015 00:00,22926.7796610169
26-Oct-2015 00:00,27-Oct-2015 00:00,24125.0338983051
27-Oct-2015 00:00,28-Oct-2015 00:00,15245.1355932203
28-Oct-2015 00:00,29-Oct-2015 00:00,12711.7966101695
29-Oct-2015 00:00,30-Oct-2015 00:00,23339.4406779661
30-Oct-2015 00:00,31-Oct-2015 00:00,22693.6271186441
31-Oct-2015 00:00,01-Nov-2015 00:00,27860.0
01-Nov-2015 00:00,02-Nov-2015 00:00,26319.6271186441
02-Nov-2015 00:00,03-Nov-2015 00:00,14952.3898305085
03-Nov-2015 00:00,04-Nov-2015 00:00,17239.5762711864
04-Nov-2015 00:00,05-Nov-2015 00:00,22136.8983050847
05-Nov-2015 00:00,06-Nov-2015 00:00,19891.4406779661
06-Nov-2015 00:00,07-Nov-2015 00:00,13982.1525423729
07-Nov-2015 00:00,08-Nov-2015 00:00,18673.8813559322
08-Nov-2015 00:00,09-Nov-2015 00:00,25402.3728813559
09-Nov-2015 00:00,10-Nov-2015 00:00,15201.0677966102
10-Nov-2015 00:00,11-Nov-2015 00:00,14464.7118644068
11-Nov-2015 00:00,12-Nov-2015 00:00,26882.7457627119
12-Nov-2015 00:00,13-Nov-2015 00:00,28084.1525423729
13-Nov-2015 00:00,14-Nov-2015 00:00,15488.8644067797
14-Nov-2015 00:00,15-Nov-2015 00:00,19560.6048480374
15-Nov-2015 00:00,16-Nov-2015 00:00,17298.0561689118
16-Nov-2015 00:00,17-Nov-2015 00:00,13590.2881355932
17-Nov-2015 00:00,18-Nov-2015 00:00,15150.2542372881
18-Nov-2015 00:00,19-Nov-2015 00:00,21699.8474576271
19-Nov-2015 00:00,20-Nov-2015 00:00,24300.8983050847
20-Nov-2015 00:00,21-Nov-2015 00:00,15772.0338983051
21-Nov-2015 00:00,22-Nov-2015 00:00,21064.8474576271
22-Nov-2015 00:00,23-Nov-2015 00:00,13503.4406779661
23-Nov-2015 00:00,24-Nov-2015 00:00,16061.6271186441
24-Nov-2015 00:00,25-Nov-2015 00:00,16160.2711864407
25-Nov-2015 00:00,26-Nov-2015 00:00,20792.2711864407
26-Nov-2015 00:00,27-Nov-2015 00:00,26837.7118644068
27-Nov-2015 00:00,28-Nov-2015 00:00,13330.8388589199
28-Nov-2015 00:00,29-Nov-2015 00:00,16760.672363726
29-Nov-2015 00:00,30-Nov-2015 00:00,17096.9125061676
30-Nov-2015 00:00,01-Dec-2015 00:00,18781.3559322034
01-Dec-2015 00:00,02-Dec-2015 00:00,12833.7966101695
02-Dec-2015 00:00,03-Dec-2015 00:00,21939.2542372881
03-Dec-2015 00:00,04-Dec-2015 00:00,18583.7118644068
04-Dec-2015 00:00,05-Dec-2015 00:00,23928.4406779661
05-Dec-2015 00:00,06-Dec-2015 00:00,27978.6440677966
06-Dec-2015 00:00,07-Dec-2015 00:00,24581.7457627119
07-Dec-2015 00:00,08-Dec-2015 00:00,16763.406779661
08-Dec-2015 00:00,09-Dec-2015 00:00,25948.7796610169
09-Dec-2015 00:00,10-Dec-2015 00:00,18379.6949152542
10-Dec-2015 00:00,11-Dec-2015 00:00,17634.1186440678
11-Dec-2015 00:00,12-Dec-2015 00:00,22846.2033898305
12-Dec-2015 00:00,13-Dec-2015 00:00,18865.7118644068
13-Dec-2015 00:00,14-Dec-2015 00:00,17669.1525423729
14-Dec-2015 00:00,15-Dec-2015 00:00,11459.0
15-Dec-2015 00:00,16-Dec-2015 00:00,15382.1525423729
16-Dec-2015 00:00,17-Dec-2015 00:00,20030.2881355932
17-Dec-2015 00:00,18-Dec-2015 00:00,27676.9491525424
18-Dec-2015 00:00,19-Dec-2015 00:00,23176.1694915254
19-Dec-2015 00:00,20-Dec-2015 00:00,20141.2372881356
20-Dec-2015 00:00,21-Dec-2015 00:00,31236.4576271186
21-Dec-2015 00:00,22-Dec-2015 00:00,16328.6440677966
22-Dec-2015 00:00,23-Dec-2015 00:00,17522.813559322
23-Dec-2015 00:00,24-Dec-2015 00:00,22675.3559322034
24-Dec-2015 00:00,25-Dec-2015 00:00,24473.8305084746
25-Dec-2015 00:00,26-Dec-2015 00:00,25715.186440678
26-Dec-2015 00:00,27-Dec-2015 00:00,14185.6779661017
27-Dec-2015 00:00,28-Dec-2015 00:00,19870.5254237288
28-Dec-2015 00:00,29-Dec-2015 00:00,30535.2372881356
29-Dec-2015 00:00,30-Dec-2015 00:00,19308.1016949153
30-Dec-2015 00:00,31-Dec-2015 00:00,24225.2542372881
31-Dec-2015 00:00,01-Jan-2016 00:00,17193.1694915254
01-Jan-2016 00:00,02-Jan-2016 00:00,31827.0847457627
02-Jan-2016 00:00,03-Jan-2016 00:00,20370.4745762712
03-Jan-2016 00:00,04-Jan-2016 00:00,17663.6949152542
04-Jan-2016 00:00,05-Jan-2016 00:00,15277.0677966102
05-Jan-2016 00:00,06-Jan-2016 00:00,14933.5254237288
06-Jan-2016 00:00,07-Jan-2016 00:00,19345.0847457627
07-Jan-2016 00:00,08-Jan-2016 00:00,21680.8983050847
08-Jan-2016 00:00,09-Jan-2016 00:00,19040.6779661017
09-Jan-2016 00:00,10-Jan-2016 00:00,37842.2881355932
10-Jan-2016 00:00,11-Jan-2016 00:00,25379.593220339
11-Jan-2016 00:00,12-Jan-2016 00:00,14190.9322033898
12-Jan-2016 00:00,13-Jan-2016 00:00,17449.8644067797
13-Jan-2016 00:00,14-Jan-2016 00:00,17547.2711864407
14-Jan-2016 00:00,15-Jan-2016 00:00,28388.4745762712
15-Jan-2016 00:00,16-Jan-2016 00:00,21070.3220338983
16-Jan-2016 00:00,17-Jan-2016 00:00,19704.8813559322
17-Jan-2016 00:00,18-Jan-2016 00:00,19630.3898305085
18-Jan-2016 00:00,19-Jan-2016 00:00,21465.8474576271
19-Jan-2016 00:00,20-Jan-2016 00:00,26993.9830508475
20-Jan-2016 00:00,21-Jan-2016 00:00,11551.6440677966
21-Jan-2016 00:00,22-Jan-2016 00:00,21121.3220338983
22-Jan-2016 00:00,23-Jan-2016 00:00,15795.9152542373
23-Jan-2016 00:00,24-Jan-2016 00:00,19395.5254237288
24-Jan-2016 00:00,25-Jan-2016 00:00,21864.5762711864
25-Jan-2016 00:00,26-Jan-2016 00:00,16629.0677966102
26-Jan-2016 00:00,27-Jan-2016 00:00,20977.2711864407
27-Jan-2016 00:00,28-Jan-2016 00:00,15661.6271186441
28-Jan-2016 00:00,29-Jan-2016 00:00,23067.3389830508
29-Jan-2016 00:00,30-Jan-2016 00:00,14694.186440678
30-Jan-2016 00:00,31-Jan-2016 00:00,18031.4406779661
31-Jan-2016 00:00,01-Feb-2016 00:00,18514.7966101695
01-Feb-2016 00:00,02-Feb-2016 00:00,16997.1016949153
02-Feb-2016 00:00,03-Feb-2016 00:00,15702.9322033898
03-Feb-2016 00:00,04-Feb-2016 00:00,8898.81355932203
04-Feb-2016 00:00,05-Feb-2016 00:00,30155.8644067797
05-Feb-2016 00:00,06-Feb-2016 00:00,16377.9491525424
06-Feb-2016 00:00,07-Feb-2016 00:00,19050.4576271186
07-Feb-2016 00:00,08-Feb-2016 00:00,22016.3389830508
08-Feb-2016 00:00,09-Feb-2016 00:00,10486.7118644068
09-Feb-2016 00:00,10-Feb-2016 00:00,13154.9322033898
10-Feb-2016 00:00,11-Feb-2016 00:00,16834.0169491525
11-Feb-2016 00:00,12-Feb-2016 00:00,24229.1016949153
12-Feb-2016 00:00,13-Feb-2016 00:00,19325.6949152542
13-Feb-2016 00:00,14-Feb-2016 00:00,24215.406779661
14-Feb-2016 00:00,15-Feb-2016 00:00,16347.8474576271
15-Feb-2016 00:00,16-Feb-2016 00:00,20083.0338983051
16-Feb-2016 00:00,17-Feb-2016 00:00,14062.0847457627
17-Feb-2016 00:00,18-Feb-2016 00:00,18199.1355932203
18-Feb-2016 00:00,19-Feb-2016 00:00,24544.4237288136
19-Feb-2016 00:00,20-Feb-2016 00:00,24077.4128939972
20-Feb-2016 00:00,21-Feb-2016 00:00,17788.3837161723
21-Feb-2016 00:00,22-Feb-2016 00:00,16565.9830508475
22-Feb-2016 00:00,23-Feb-2016 00:00,14354.4915254237
23-Feb-2016 00:00,24-Feb-2016 00:00,14066.6610169492
24-Feb-2016 00:00,25-Feb-2016 00:00,20003.5593220339
25-Feb-2016 00:00,26-Feb-2016 00:00,21920.7796610169
26-Feb-2016 00:00,27-Feb-2016 00:00,19712.2542372881
27-Feb-2016 00:00,28-Feb-2016 00:00,16994.6779661017
28-Feb-2016 00:00,29-Feb-2016 00:00,22770.8644067797
29-Feb-2016 00:00,01-Mar-2016 00:00,17798.0338983051
01-Mar-2016 00:00,02-Mar-2016 00:00,16553.2711864407
02-Mar-2016 00:00,03-Mar-2016 00:00,23918.2372881356
03-Mar-2016 00:00,04-Mar-2016 00:00,32143.6949152542
04-Mar-2016 00:00,05-Mar-2016 00:00,13904.2372881356
05-Mar-2016 00:00,06-Mar-2016 00:00,19158.4406779661
06-Mar-2016 00:00,07-Mar-2016 00:00,31478.9661016949
07-Mar-2016 00:00,08-Mar-2016 00:00,18906.8983050847
08-Mar-2016 00:00,09-Mar-2016 00:00,13452.3220338983
09-Mar-2016 00:00,10-Mar-2016 00:00,18532.0847457627
10-Mar-2016 00:00,11-Mar-2016 00:00,26476.1355932203
11-Mar-2016 00:00,12-Mar-2016 00:00,17880.5593220339
12-Mar-2016 00:00,13-Mar-2016 00:00,20658.0677966102
13-Mar-2016 00:00,14-Mar-2016 00:00,13995.2881355932
14-Mar-2016 00:00,15-Mar-2016 00:00,24986.4237288136
15-Mar-2016 00:00,16-Mar-2016 00:00,22101.406779661
16-Mar-2016 00:00,17-Mar-2016 00:00,15009.6271186441
17-Mar-2016 00:00,18-Mar-2016 00:00,21144.5423728814
18-Mar-2016 00:00,19-Mar-2016 00:00,17389.6949152542
19-Mar-2016 00:00,20-Mar-2016 00:00,24073.7288135593
20-Mar-2016 00:00,21-Mar-2016 00:00,21419.4915254237
21-Mar-2016 00:00,22-Mar-2016 00:00,14406.7457627119
22-Mar-2016 00:00,23-Mar-2016 00:00,33847.0338983051
23-Mar-2016 00:00,24-Mar-2016 00:00,21729.0169491525
24-Mar-2016 00:00,25-Mar-2016 00:00,20835.406779661
25-Mar-2016 00:00,26-Mar-2016 00:00,20504.9491525424
26-Mar-2016 00:00,27-Mar-2016 00:00,21533.0338983051
27-Mar-2016 00:00,28-Mar-2016 00:00,18875.9491525424
28-Mar-2016 00:00,29-Mar-2016 00:00,31455.1016949153
29-Mar-2016 00:00,30-Mar-2016 00:00,13340.5593220339
30-Mar-2016 00:00,31-Mar-2016 00:00,23873.6440677966
31-Mar-2016 00:00,01-Apr-2016 00:00,17507.7966101695
01-Apr-2016 00:00,02-Apr-2016 00:00,14321.1186440678
02-Apr-2016 00:00,03-Apr-2016 00:00,15609.1694915254
03-Apr-2016 00:00,04-Apr-2016 00:00,27978.2881355932
04-Apr-2016 00:00,05-Apr-2016 00:00,25396.2033898305
05-Apr-2016 00:00,06-Apr-2016 00:00,17783.0338983051
06-Apr-2016 00:00,07-Apr-2016 00:00,17089.5423728814
07-Apr-2016 00:00,08-Apr-2016 00:00,21769.0847457627
08-Apr-2016 00:00,09-Apr-2016 00:00,17818.7627118644
09-Apr-2016 00:00,10-Apr-2016 00:00,17297.2372881356
10-Apr-2016 00:00,11-Apr-2016 00:00,17550.5762711864
11-Apr-2016 00:00,12-Apr-2016 00:00,15401.0
12-Apr-2016 00:00,13-Apr-2016 00:00,24064.0
13-Apr-2016 00:00,14-Apr-2016 00:00,9734.0
14-Apr-2016 00:00,15-Apr-2016 00:00,27071.0
15-Apr-2016 00:00,16-Apr-2016 00:00,15935.0
16-Apr-2016 00:00,17-Apr-2016 00:00,21536.0
17-Apr-2016 00:00,18-Apr-2016 00:00,12870.0
18-Apr-2016 00:00,19-Apr-2016 00:00,9706.0
19-Apr-2016 00:00,20-Apr-2016 00:00,12709.0
20-Apr-2016 00:00,21-Apr-2016 00:00,18360.0
21-Apr-2016 00:00,22-Apr-2016 00:00,22414.0
22-Apr-2016 00:00,23-Apr-2016 00:00,18997.0
23-Apr-2016 00:00,24-Apr-2016 00:00,30934.0
24-Apr-2016 00:00,25-Apr-2016 00:00,19191.0
25-Apr-2016 00:00,26-Apr-2016 00:00,13153.0
26-Apr-2016 00:00,27-Apr-2016 00:00,12766.0
27-Apr-2016 00:00,28-Apr-2016 00:00,17855.0
28-Apr-2016 00:00,29-Apr-2016 00:00,22322.0
29-Apr-2016 00:00,30-Apr-2016 00:00,21980.0
30-Apr-2016 00:00,01-May-2016 00:00,15234.0
01-May-2016 00:00,02-May-2016 00:00,10890.0
02-May-2016 00:00,03-May-2016 00:00,14996.0
03-May-2016 00:00,04-May-2016 00:00,17224.0
04-May-2016 00:00,05-May-2016 00:00,12771.0
05-May-2016 00:00,06-May-2016 00:00,23121.0
06-May-2016 00:00,07-May-2016 00:00,19749.0
07-May-2016 00:00,08-May-2016 00:00,15416.0
08-May-2016 00:00,09-May-2016 00:00,24891.0
09-May-2016 00:00,10-May-2016 00:00,14519.0
10-May-2016 00:00,11-May-2016 00:00,9727.0
11-May-2016 00:00,12-May-2016 00:00,10967.0
12-May-2016 00:00,13-May-2016 00:00,11540.0
13-May-2016 00:00,14-May-2016 00:00,23635.0
14-May-2016 00:00,15-May-2016 00:00,28614.0
15-May-2016 00:00,16-May-2016 00:00,26870.0
16-May-2016 00:00,17-May-2016 00:00,10531.0
17-May-2016 00:00,18-May-2016 00:00,14492.0
18-May-2016 00:00,19-May-2016 00:00,16272.0
19-May-2016 00:00,20-May-2016 00:00,27152.0
20-May-2016 00:00,21-May-2016 00:00,19221.0
21-May-2016 00:00,22-May-2016 00:00,21761.0
22-May-2016 00:00,23-May-2016 00:00,16475.0
23-May-2016 00:00,24-May-2016 00:00,31022.0
24-May-2016 00:00,25-May-2016 00:00,21431.0
25-May-2016 00:00,26-May-2016 00:00,15719.0
26-May-2016 00:00,27-May-2016 00:00,18493.0
27-May-2016 00:00,28-May-2016 00:00,17067.0
28-May-2016 00:00,29-May-2016 00:00,27538.0
29-May-2016 00:00,30-May-2016 00:00,14040.0
30-May-2016 00:00,31-May-2016 00:00,15628.0
31-May-2016 00:00,01-Jun-2016 00:00,16846.0
01-Jun-2016 00:00,02-Jun-2016 00:00,12263.0
02-Jun-2016 00:00,03-Jun-2016 00:00,9011.0
03-Jun-2016 00:00,04-Jun-2016 00:00,17749.0
04-Jun-2016 00:00,05-Jun-2016 00:00,15537.5770603386
05-Jun-2016 00:00,06-Jun-2016 00:00,23965.4229396614
06-Jun-2016 00:00,07-Jun-2016 00:00,8614.0
07-Jun-2016 00:00,08-Jun-2016 00:00,24901.0
08-Jun-2016 00:00,09-Jun-2016 00:00,10640.0
09-Jun-2016 00:00,10-Jun-2016 00:00,8124.0
10-Jun-2016 00:00,11-Jun-2016 00:00,14166.0
11-Jun-2016 00:00,12-Jun-2016 00:00,17821.0
12-Jun-2016 00:00,13-Jun-2016 00:00,18754.0
13-Jun-2016 00:00,14-Jun-2016 00:00,10621.0
14-Jun-2016 00:00,15-Jun-2016 00:00,9400.0
15-Jun-2016 00:00,16-Jun-2016 00:00,11038.0
16-Jun-2016 00:00,17-Jun-2016 00:00,22186.0
17-Jun-2016 00:00,18-Jun-2016 00:00,15692.0
18-Jun-2016 00:00,19-Jun-2016 00:00,15837.0
19-Jun-2016 00:00,20-Jun-2016 00:00,14019.0
20-Jun-2016 00:00,21-Jun-2016 00:00,11784.0
21-Jun-2016 00:00,22-Jun-2016 00:00,10068.0
22-Jun-2016 00:00,23-Jun-2016 00:00,10423.0
23-Jun-2016 00:00,24-Jun-2016 00:00,22115.0
24-Jun-2016 00:00,25-Jun-2016 00:00,10839.0
25-Jun-2016 00:00,26-Jun-2016 00:00,19650.0
26-Jun-2016 00:00,27-Jun-2016 00:00,21531.0
27-Jun-2016 00:00,28-Jun-2016 00:00,12465.0
28-Jun-2016 00:00,29-Jun-2016 00:00,11416.0
29-Jun-2016 00:00,30-Jun-2016 00:00,8629.0
30-Jun-2016 00:00,01-Jul-2016 00:00,28892.0
01-Jul-2016 00:00,02-Jul-2016 00:00,16374.0
02-Jul-2016 00:00,03-Jul-2016 00:00,23625.0
03-Jul-2016 00:00,04-Jul-2016 00:00,17541.0
04-Jul-2016 00:00,05-Jul-2016 00:00,9894.0
05-Jul-2016 00:00,06-Jul-2016 00:00,16803.0
06-Jul-2016 00:00,07-Jul-2016 00:00,10491.0
07-Jul-2016 00:00,08-Jul-2016 00:00,17758.0
08-Jul-2016 00:00,09-Jul-2016 00:00,22471.0
09-Jul-2016 00:00,10-Jul-2016 00:00,21405.0
10-Jul-2016 00:00,11-Jul-2016 00:00,18025.0
11-Jul-2016 00:00,12-Jul-2016 00:00,8673.0
12-Jul-2016 00:00,13-Jul-2016 00:00,7808.0
13-Jul-2016 00:00,14-Jul-2016 00:00,6748.0
14-Jul-2016 00:00,15-Jul-2016 00:00,16935.0
15-Jul-2016 00:00,16-Jul-2016 00:00,10284.0
16-Jul-2016 00:00,17-Jul-2016 00:00,10078.0
17-Jul-2016 00:00,18-Jul-2016 00:00,14789.0
18-Jul-2016 00:00,19-Jul-2016 00:00,12989.0
19-Jul-2016 00:00,20-Jul-2016 00:00,14993.0
20-Jul-2016 00:00,21-Jul-2016 00:00,11225.0
21-Jul-2016 00:00,22-Jul-2016 00:00,16104.0
22-Jul-2016 00:00,23-Jul-2016 00:00,9653.0
23-Jul-2016 00:00,24-Jul-2016 00:00,16569.0
24-Jul-2016 00:00,25-Jul-2016 00:00,14758.0
25-Jul-2016 00:00,26-Jul-2016 00:00,6831.0
26-Jul-2016 00:00,27-Jul-2016 00:00,11103.0
27-Jul-2016 00:00,28-Jul-2016 00:00,9124.0
28-Jul-2016 00:00,29-Jul-2016 00:00,15975.0
29-Jul-2016 00:00,30-Jul-2016 00:00,19640.0
30-Jul-2016 00:00,31-Jul-2016 00:00,10737.0
31-Jul-2016 00:00,01-Aug-2016 00:00,10698.0
01-Aug-2016 00:00,02-Aug-2016 00:00,12771.0
02-Aug-2016 00:00,03-Aug-2016 00:00,11777.0
03-Aug-2016 00:00,04-Aug-2016 00:00,8419.0
04-Aug-2016 00:00,05-Aug-2016 00:00,15070.0
05-Aug-2016 00:00,06-Aug-2016 00:00,16323.2737756782
06-Aug-2016 00:00,07-Aug-2016 00:00,25330.7262243218
07-Aug-2016 00:00,08-Aug-2016 00:00,17159.0
08-Aug-2016 00:00,09-Aug-2016 00:00,8977.0
09-Aug-2016 00:00,10-Aug-2016 00:00,10243.0
10-Aug-2016 00:00,11-Aug-2016 00:00,8895.0
11-Aug-2016 00:00,12-Aug-2016 00:00,17219.0
12-Aug-2016 00:00,13-Aug-2016 00:00,8980.0
13-Aug-2016 00:00,14-Aug-2016 00:00,18497.0
14-Aug-2016 00:00,15-Aug-2016 00:00,16029.0
15-Aug-2016 00:00,16-Aug-2016 00:00,11986.0
16-Aug-2016 00:00,17-Aug-2016 00:00,13497.0
17-Aug-2016 00:00,18-Aug-2016 00:00,8606.0
18-Aug-2016 00:00,19-Aug-2016 00:00,18563.0
19-Aug-2016 00:00,20-Aug-2016 00:00,9977.0
20-Aug-2016 00:00,21-Aug-2016 00:00,21940.0
21-Aug-2016 00:00,22-Aug-2016 00:00,17569.0
22-Aug-2016 00:00,23-Aug-2016 00:00,8691.0
23-Aug-2016 00:00,24-Aug-2016 00:00,11882.0
24-Aug-2016 00:00,25-Aug-2016 00:00,12745.0
25-Aug-2016 00:00,26-Aug-2016 00:00,12658.0
26-Aug-2016 00:00,27-Aug-2016 00:00,13024.0
27-Aug-2016 00:00,28-Aug-2016 00:00,28214.0
28-Aug-2016 00:00,29-Aug-2016 00:00,15686.0
29-Aug-2016 00:00,30-Aug-2016 00:00,9574.0
30-Aug-2016 00:00,31-Aug-2016 00:00,25687.0
31-Aug-2016 00:00,01-Sep-2016 00:00,11651.0
01-Sep-2016 00:00,02-Sep-2016 00:00,9447.0
02-Sep-2016 00:00,03-Sep-2016 00:00,8292.18780163621
03-Sep-2016 00:00,04-Sep-2016 00:00,6979.81219836379
04-Sep-2016 00:00,05-Sep-2016 00:00,7909.0
05-Sep-2016 00:00,06-Sep-2016 00:00,7072.0
06-Sep-2016 00:00,07-Sep-2016 00:00,6182.0
07-Sep-2016 00:00,08-Sep-2016 00:00,12508.0
08-Sep-2016 00:00,09-Sep-2016 00:00,15841.0
09-Sep-2016 00:00,10-Sep-2016 00:00,24606.0
10-Sep-2016 00:00,11-Sep-2016 00:00,21935.0
11-Sep-2016 00:00,12-Sep-2016 00:00,20884.0
12-Sep-2016 00:00,13-Sep-2016 00:00,18144.0
13-Sep-2016 00:00,14-Sep-2016 00:00,14809.0
14-Sep-2016 00:00,15-Sep-2016 00:00,11370.0
15-Sep-2016 00:00,16-Sep-2016 00:00,22058.0
16-Sep-2016 00:00,17-Sep-2016 00:00,7390.0
17-Sep-2016 00:00,18-Sep-2016 00:00,15193.0
18-Sep-2016 00:00,19-Sep-2016 00:00,15966.0
19-Sep-2016 00:00,20-Sep-2016 00:00,9443.0
20-Sep-2016 00:00,21-Sep-2016 00:00,7807.0
21-Sep-2016 00:00,22-Sep-2016 00:00,8708.0
22-Sep-2016 00:00,23-Sep-2016 00:00,16012.0
23-Sep-2016 00:00,24-Sep-2016 00:00,9620.0
24-Sep-2016 00:00,25-Sep-2016 00:00,20304.0
25-Sep-2016 00:00,26-Sep-2016 00:00,22643.0
26-Sep-2016 00:00,27-Sep-2016 00:00,15742.0
27-Sep-2016 00:00,28-Sep-2016 00:00,9260.0
28-Sep-2016 00:00,29-Sep-2016 00:00,9201.0
29-Sep-2016 00:00,30-Sep-2016 00:00,19077.0
30-Sep-2016 00:00,01-Oct-2016 00:00,14245.0
01-Oct-2016 00:00,02-Oct-2016 00:00,21486.0
02-Oct-2016 00:00,03-Oct-2016 00:00,14530.0
03-Oct-2016 00:00,04-Oct-2016 00:00,12802.0
04-Oct-2016 00:00,05-Oct-2016 00:00,9657.0
05-Oct-2016 00:00,06-Oct-2016 00:00,7978.0
06-Oct-2016 00:00,07-Oct-2016 00:00,23467.0
07-Oct-2016 00:00,08-Oct-2016 00:00,13701.0
08-Oct-2016 00:00,09-Oct-2016 00:00,18343.0
09-Oct-2016 00:00,10-Oct-2016 00:00,16338.0
10-Oct-2016 00:00,11-Oct-2016 00:00,9681.45937671687
11-Oct-2016 00:00,12-Oct-2016 00:00,18917.5406232831
12-Oct-2016 00:00,13-Oct-2016 00:00,10035.0
13-Oct-2016 00:00,14-Oct-2016 00:00,6320.0
14-Oct-2016 00:00,15-Oct-2016 00:00,6786.0
15-Oct-2016 00:00,16-Oct-2016 00:00,14037.0
16-Oct-2016 00:00,17-Oct-2016 00:00,12758.0
17-Oct-2016 00:00,18-Oct-2016 00:00,8092.0
18-Oct-2016 00:00,19-Oct-2016 00:00,9143.0
19-Oct-2016 00:00,20-Oct-2016 00:00,9488.0
20-Oct-2016 00:00,21-Oct-2016 00:00,18793.0
21-Oct-2016 00:00,22-Oct-2016 00:00,12233.0
22-Oct-2016 00:00,23-Oct-2016 00:00,10131.0
23-Oct-2016 00:00,24-Oct-2016 00:00,20377.0
24-Oct-2016 00:00,25-Oct-2016 00:00,17411.0
25-Oct-2016 00:00,26-Oct-2016 00:00,21651.0
26-Oct-2016 00:00,27-Oct-2016 00:00,15761.0
27-Oct-2016 00:00,28-Oct-2016 00:00,12127.0
28-Oct-2016 00:00,29-Oct-2016 00:00,15493.0
29-Oct-2016 00:00,30-Oct-2016 00:00,10932.0
30-Oct-2016 00:00,31-Oct-2016 00:00,16315.0
31-Oct-2016 00:00,01-Nov-2016 00:00,12738.0
01-Nov-2016 00:00,02-Nov-2016 00:00,17375.0
02-Nov-2016 00:00,03-Nov-2016 00:00,13708.0
03-Nov-2016 00:00,04-Nov-2016 00:00,9501.0
04-Nov-2016 00:00,05-Nov-2016 00:00,10667.0
05-Nov-2016 00:00,06-Nov-2016 00:00,9434.0
06-Nov-2016 00:00,07-Nov-2016 00:00,14237.0
07-Nov-2016 00:00,08-Nov-2016 00:00,10093.0
08-Nov-2016 00:00,09-Nov-2016 00:00,8771.0
09-Nov-2016 00:00,10-Nov-2016 00:00,7937.0
10-Nov-2016 00:00,11-Nov-2016 00:00,16976.0
11-Nov-2016 00:00,12-Nov-2016 00:00,6996.0
12-Nov-2016 00:00,13-Nov-2016 00:00,6832.0
13-Nov-2016 00:00,14-Nov-2016 00:00,19712.0
14-Nov-2016 00:00,15-Nov-2016 00:00,8594.0
15-Nov-2016 00:00,16-Nov-2016 00:00,8042.0
16-Nov-2016 00:00,17-Nov-2016 00:00,9219.0
17-Nov-2016 00:00,18-Nov-2016 00:00,16312.0
18-Nov-2016 00:00,19-Nov-2016 00:00,12414.0
19-Nov-2016 00:00,20-Nov-2016 00:00,20980.0
20-Nov-2016 00:00,21-Nov-2016 00:00,16660.0
21-Nov-2016 00:00,22-Nov-2016 00:00,9068.69934286783
22-Nov-2016 00:00,23-Nov-2016 00:00,9919.30065713217
23-Nov-2016 00:00,24-Nov-2016 00:00,10346.0
24-Nov-2016 00:00,25-Nov-2016 00:00,8734.0
25-Nov-2016 00:00,26-Nov-2016 00:00,19845.0
26-Nov-2016 00:00,27-Nov-2016 00:00,15645.1624006166
27-Nov-2016 00:00,28-Nov-2016 00:00,10779.8375993834
28-Nov-2016 00:00,29-Nov-2016 00:00,8263.0
29-Nov-2016 00:00,30-Nov-2016 00:00,10014.0
30-Nov-2016 00:00,01-Dec-2016 00:00,7011.0
01-Dec-2016 00:00,02-Dec-2016 00:00,16860.0
02-Dec-2016 00:00,03-Dec-2016 00:00,8112.0
03-Dec-2016 00:00,04-Dec-2016 00:00,14704.0
04-Dec-2016 00:00,05-Dec-2016 00:00,19631.0
05-Dec-2016 00:00,06-Dec-2016 00:00,8095.0
06-Dec-2016 00:00,07-Dec-2016 00:00,10441.0
07-Dec-2016 00:00,08-Dec-2016 00:00,6082.0
08-Dec-2016 00:00,09-Dec-2016 00:00,15950.0
09-Dec-2016 00:00,10-Dec-2016 00:00,8976.0
10-Dec-2016 00:00,11-Dec-2016 00:00,14964.0
11-Dec-2016 00:00,12-Dec-2016 00:00,14527.0
12-Dec-2016 00:00,13-Dec-2016 00:00,7614.0
13-Dec-2016 00:00,14-Dec-2016 00:00,10015.0
14-Dec-2016 00:00,15-Dec-2016 00:00,7580.0
15-Dec-2016 00:00,16-Dec-2016 00:00,17841.0
16-Dec-2016 00:00,17-Dec-2016 00:00,15584.0
17-Dec-2016 00:00,18-Dec-2016 00:00,18784.0
18-Dec-2016 00:00,19-Dec-2016 00:00,16092.0
19-Dec-2016 00:00,20-Dec-2016 00:00,7851.0
20-Dec-2016 00:00,21-Dec-2016 00:00,8052.0
21-Dec-2016 00:00,22-Dec-2016 00:00,14953.0
22-Dec-2016 00:00,23-Dec-2016 00:00,7064.0
23-Dec-2016 00:00,24-Dec-2016 00:00,9433.0
24-Dec-2016 00:00,25-Dec-2016 00:00,8632.0
25-Dec-2016 00:00,26-Dec-2016 00:00,15257.0
26-Dec-2016 00:00,27-Dec-2016 00:00,19854.0
27-Dec-2016 00:00,28-Dec-2016 00:00,15089.0
28-Dec-2016 00:00,29-Dec-2016 00:00,14848.0
29-Dec-2016 00:00,30-Dec-2016 00:00,15275.0
30-Dec-2016 00:00,31-Dec-2016 00:00,8345.0
31-Dec-2016 00:00,01-Jan-2017 00:00,18642.0
01-Jan-2017 00:00,02-Jan-2017 00:00,15172.0
02-Jan-2017 00:00,03-Jan-2017 00:00,17470.0
03-Jan-2017 00:00,04-Jan-2017 00:00,8091.0
04-Jan-2017 00:00,05-Jan-2017 00:00,7534.0
05-Jan-2017 00:00,06-Jan-2017 00:00,18046.0
06-Jan-2017 00:00,07-Jan-2017 00:00,15626.0
07-Jan-2017 00:00,08-Jan-2017 00:00,10993.0
08-Jan-2017 00:00,09-Jan-2017 00:00,12689.0
09-Jan-2017 00:00,10-Jan-2017 00:00,11581.0
10-Jan-2017 00:00,11-Jan-2017 00:00,9155.0
11-Jan-2017 00:00,12-Jan-2017 00:00,9244.0
12-Jan-2017 00:00,13-Jan-2017 00:00,15183.0
13-Jan-2017 00:00,14-Jan-2017 00:00,6642.0
14-Jan-2017 00:00,15-Jan-2017 00:00,22058.0
15-Jan-2017 00:00,16-Jan-2017 00:00,13834.0
16-Jan-2017 00:00,17-Jan-2017 00:00,7574.0
17-Jan-2017 00:00,18-Jan-2017 00:00,7842.0
18-Jan-2017 00:00,19-Jan-2017 00:00,10078.0
19-Jan-2017 00:00,20-Jan-2017 00:00,15763.0
20-Jan-2017 00:00,21-Jan-2017 00:00,16555.0
21-Jan-2017 00:00,22-Jan-2017 00:00,19734.0
22-Jan-2017 00:00,23-Jan-2017 00:00,19687.0
23-Jan-2017 00:00,24-Jan-2017 00:00,9466.0
24-Jan-2017 00:00,25-Jan-2017 00:00,12045.0
25-Jan-2017 00:00,26-Jan-2017 00:00,8788.0
26-Jan-2017 00:00,27-Jan-2017 00:00,11331.0
27-Jan-2017 00:00,28-Jan-2017 00:00,10020.0
28-Jan-2017 00:00,29-Jan-2017 00:00,13532.0
29-Jan-2017 00:00,30-Jan-2017 00:00,9791.0
30-Jan-2017 00:00,31-Jan-2017 00:00,6720.0
31-Jan-2017 00:00,01-Feb-2017 00:00,7278.0
01-Feb-2017 00:00,02-Feb-2017 00:00,8370.0
02-Feb-2017 00:00,03-Feb-2017 00:00,17065.0
03-Feb-2017 00:00,04-Feb-2017 00:00,14620.0
04-Feb-2017 00:00,05-Feb-2017 00:00,19618.0
05-Feb-2017 00:00,06-Feb-2017 00:00,14448.0
06-Feb-2017 00:00,07-Feb-2017 00:00,3489.0
07-Feb-2017 00:00,08-Feb-2017 00:00,6475.0
08-Feb-2017 00:00,09-Feb-2017 00:00,6077.0
09-Feb-2017 00:00,10-Feb-2017 00:00,8660.0
10-Feb-2017 00:00,11-Feb-2017 00:00,16618.0
11-Feb-2017 00:00,12-Feb-2017 00:00,13064.0
12-Feb-2017 00:00,13-Feb-2017 00:00,18635.0
13-Feb-2017 00:00,14-Feb-2017 00:00,11008.0
14-Feb-2017 00:00,15-Feb-2017 00:00,9108.0
15-Feb-2017 00:00,16-Feb-2017 00:00,9252.0
16-Feb-2017 00:00,17-Feb-2017 00:00,15587.0
17-Feb-2017 00:00,18-Feb-2017 00:00,9027.0
18-Feb-2017 00:00,19-Feb-2017 00:00,20868.0
19-Feb-2017 00:00,20-Feb-2017 00:00,16161.0
20-Feb-2017 00:00,21-Feb-2017 00:00,8751.0
21-Feb-2017 00:00,22-Feb-2017 00:00,5410.0
22-Feb-2017 00:00,23-Feb-2017 00:00,14615.0
23-Feb-2017 00:00,24-Feb-2017 00:00,21007.0
24-Feb-2017 00:00,25-Feb-2017 00:00,8282.0
25-Feb-2017 00:00,26-Feb-2017 00:00,9247.0
26-Feb-2017 00:00,27-Feb-2017 00:00,18927.0
27-Feb-2017 00:00,28-Feb-2017 00:00,7801.0
28-Feb-2017 00:00,01-Mar-2017 00:00,5602.0
01-Mar-2017 00:00,02-Mar-2017 00:00,10941.0
02-Mar-2017 00:00,03-Mar-2017 00:00,18347.0
03-Mar-2017 00:00,04-Mar-2017 00:00,12135.0
04-Mar-2017 00:00,05-Mar-2017 00:00,8407.0
05-Mar-2017 00:00,06-Mar-2017 00:00,9335.0
06-Mar-2017 00:00,07-Mar-2017 00:00,9578.0
07-Mar-2017 00:00,08-Mar-2017 00:00,15204.0
08-Mar-2017 00:00,09-Mar-2017 00:00,16312.0
09-Mar-2017 00:00,10-Mar-2017 00:00,9647.0
10-Mar-2017 00:00,11-Mar-2017 00:00,14782.0
11-Mar-2017 00:00,12-Mar-2017 00:00,14542.0
12-Mar-2017 00:00,13-Mar-2017 00:00,19850.0
13-Mar-2017 00:00,14-Mar-2017 00:00,9037.0
14-Mar-2017 00:00,15-Mar-2017 00:00,9072.0
15-Mar-2017 00:00,16-Mar-2017 00:00,9060.0
16-Mar-2017 00:00,17-Mar-2017 00:00,17011.0
17-Mar-2017 00:00,18-Mar-2017 00:00,15908.0
18-Mar-2017 00:00,19-Mar-2017 00:00,15319.0
19-Mar-2017 00:00,20-Mar-2017 00:00,12244.0
20-Mar-2017 00:00,21-Mar-2017 00:00,9812.0
21-Mar-2017 00:00,22-Mar-2017 00:00,5999.0
22-Mar-2017 00:00,23-Mar-2017 00:00,10543.0
23-Mar-2017 00:00,24-Mar-2017 00:00,14937.0
24-Mar-2017 00:00,25-Mar-2017 00:00,10566.0
25-Mar-2017 00:00,26-Mar-2017 00:00,25833.0
26-Mar-2017 00:00,27-Mar-2017 00:00,14137.0
27-Mar-2017 00:00,28-Mar-2017 00:00,7737.0
28-Mar-2017 00:00,29-Mar-2017 00:00,20613.0
29-Mar-2017 00:00,30-Mar-2017 00:00,9524.0
30-Mar-2017 00:00,31-Mar-2017 00:00,7119.0
31-Mar-2017 00:00,01-Apr-2017 00:00,13513.0
01-Apr-2017 00:00,02-Apr-2017 00:00,13672.0
02-Apr-2017 00:00,03-Apr-2017 00:00,16101.0
03-Apr-2017 00:00,04-Apr-2017 00:00,14543.0
04-Apr-2017 00:00,05-Apr-2017 00:00,10340.0
05-Apr-2017 00:00,06-Apr-2017 00:00,9615.0
06-Apr-2017 00:00,07-Apr-2017 00:00,16307.0
07-Apr-2017 00:00,08-Apr-2017 00:00,10948.0
08-Apr-2017 00:00,09-Apr-2017 00:00,13460.0
09-Apr-2017 00:00,10-Apr-2017 00:00,18214.0
10-Apr-2017 00:00,11-Apr-2017 00:00,17257.0
11-Apr-2017 00:00,12-Apr-2017 00:00,10400.0
12-Apr-2017 00:00,13-Apr-2017 00:00,13500.0
13-Apr-2017 00:00,14-Apr-2017 00:00,16218.0
14-Apr-2017 00:00,15-Apr-2017 00:00,16475.0
15-Apr-2017 00:00,16-Apr-2017 00:00,19735.0
16-Apr-2017 00:00,17-Apr-2017 00:00,8500.0
17-Apr-2017 00:00,18-Apr-2017 00:00,8291.0
18-Apr-2017 00:00,19-Apr-2017 00:00,7510.0
19-Apr-2017 00:00,20-Apr-2017 00:00,8297.0
20-Apr-2017 00:00,21-Apr-2017 00:00,22253.0
21-Apr-2017 00:00,22-Apr-2017 00:00,9064.0
22-Apr-2017 00:00,23-Apr-2017 00:00,22066.0
23-Apr-2017 00:00,24-Apr-2017 00:00,8080.0
24-Apr-2017 00:00,25-Apr-2017 00:00,8758.0
25-Apr-2017 00:00,26-Apr-2017 00:00,10539.0
26-Apr-2017 00:00,27-Apr-2017 00:00,13239.0
27-Apr-2017 00:00,28-Apr-2017 00:00,18703.0
28-Apr-2017 00:00,29-Apr-2017 00:00,8295.0
29-Apr-2017 00:00,30-Apr-2017 00:00,14239.0
30-Apr-2017 00:00,01-May-2017 00:00,23061.0
01-May-2017 00:00,02-May-2017 00:00,9169.0
02-May-2017 00:00,03-May-2017 00:00,10135.0
03-May-2017 00:00,04-May-2017 00:00,16203.0
04-May-2017 00:00,05-May-2017 00:00,15967.0
05-May-2017 00:00,06-May-2017 00:00,8409.0
06-May-2017 00:00,07-May-2017 00:00,10569.0
07-May-2017 00:00,08-May-2017 00:00,11756.0
08-May-2017 00:00,09-May-2017 00:00,8435.0
09-May-2017 00:00,10-May-2017 00:00,16839.0
10-May-2017 00:00,11-May-2017 00:00,15215.0
11-May-2017 00:00,12-May-2017 00:00,16308.0
12-May-2017 00:00,13-May-2017 00:00,11463.0
13-May-2017 00:00,14-May-2017 00:00,28656.0
14-May-2017 00:00,15-May-2017 00:00,10527.0
15-May-2017 00:00,16-May-2017 00:00,10433.0
16-May-2017 00:00,17-May-2017 00:00,10232.0
17-May-2017 00:00,18-May-2017 00:00,18084.0
18-May-2017 00:00,19-May-2017 00:00,14734.0
19-May-2017 00:00,20-May-2017 00:00,8094.0
20-May-2017 00:00,21-May-2017 00:00,7306.0
21-May-2017 00:00,22-May-2017 00:00,13504.0
22-May-2017 00:00,23-May-2017 00:00,8892.0
23-May-2017 00:00,24-May-2017 00:00,9510.0
24-May-2017 00:00,25-May-2017 00:00,13864.0
25-May-2017 00:00,26-May-2017 00:00,9120.0
26-May-2017 00:00,27-May-2017 00:00,9420.0
27-May-2017 00:00,28-May-2017 00:00,12110.0
28-May-2017 00:00,29-May-2017 00:00,7825.0
29-May-2017 00:00,30-May-2017 00:00,9740.0
30-May-2017 00:00,31-May-2017 00:00,11062.0
31-May-2017 00:00,01-Jun-2017 00:00,11646.0
01-Jun-2017 00:00,02-Jun-2017 00:00,8813.0
02-Jun-2017 00:00,03-Jun-2017 00:00,10789.0
03-Jun-2017 00:00,04-Jun-2017 00:00,12688.0
04-Jun-2017 00:00,05-Jun-2017 00:00,14569.0
05-Jun-2017 00:00,06-Jun-2017 00:00,13904.0
06-Jun-2017 00:00,07-Jun-2017 00:00,12068.0
07-Jun-2017 00:00,08-Jun-2017 00:00,5717.0
08-Jun-2017 00:00,09-Jun-2017 00:00,8570.0
09-Jun-2017 00:00,10-Jun-2017 00:00,9498.0
10-Jun-2017 00:00,11-Jun-2017 00:00,14484.0
11-Jun-2017 00:00,12-Jun-2017 00:00,14317.0
12-Jun-2017 00:00,13-Jun-2017 00:00,17335.0
13-Jun-2017 00:00,14-Jun-2017 00:00,10754.0
14-Jun-2017 00:00,15-Jun-2017 00:00,16845.0
15-Jun-2017 00:00,16-Jun-2017 00:00,13407.3811382787
16-Jun-2017 00:00,17-Jun-2017 00:00,15015.6188617213
17-Jun-2017 00:00,18-Jun-2017 00:00,16297.0
18-Jun-2017 00:00,19-Jun-2017 00:00,12793.0
19-Jun-2017 00:00,20-Jun-2017 00:00,9953.0
20-Jun-2017 00:00,21-Jun-2017 00:00,9258.0
21-Jun-2017 00:00,22-Jun-2017 00:00,11642.0
22-Jun-2017 00:00,23-Jun-2017 00:00,13928.0
23-Jun-2017 00:00,24-Jun-2017 00:00,12615.0
24-Jun-2017 00:00,25-Jun-2017 00:00,18785.0
25-Jun-2017 00:00,26-Jun-2017 00:00,12813.0
26-Jun-2017 00:00,27-Jun-2017 00:00,14190.0
27-Jun-2017 00:00,28-Jun-2017 00:00,8181.0
28-Jun-2017 00:00,29-Jun-2017 00:00,9473.0
29-Jun-2017 00:00,30-Jun-2017 00:00,17339.0
30-Jun-2017 00:00,01-Jul-2017 00:00,12241.0
01-Jul-2017 00:00,02-Jul-2017 00:00,17789.0
02-Jul-2017 00:00,03-Jul-2017 00:00,11297.0
03-Jul-2017 00:00,04-Jul-2017 00:00,8253.0
04-Jul-2017 00:00,05-Jul-2017 00:00,8480.0
05-Jul-2017 00:00,06-Jul-2017 00:00,9733.0
06-Jul-2017 00:00,07-Jul-2017 00:00,18079.0
07-Jul-2017 00:00,08-Jul-2017 00:00,16215.0
08-Jul-2017 00:00,09-Jul-2017 00:00,16079.0
09-Jul-2017 00:00,10-Jul-2017 00:00,15318.0
10-Jul-2017 00:00,11-Jul-2017 00:00,9110.0
11-Jul-2017 00:00,12-Jul-2017 00:00,7151.0
12-Jul-2017 00:00,13-Jul-2017 00:00,20081.0
13-Jul-2017 00:00,14-Jul-2017 00:00,11874.0
14-Jul-2017 00:00,15-Jul-2017 00:00,9548.0
15-Jul-2017 00:00,16-Jul-2017 00:00,24301.0
16-Jul-2017 00:00,17-Jul-2017 00:00,15213.0
17-Jul-2017 00:00,18-Jul-2017 00:00,9191.0
18-Jul-2017 00:00,19-Jul-2017 00:00,9984.0
19-Jul-2017 00:00,20-Jul-2017 00:00,22360.0
20-Jul-2017 00:00,21-Jul-2017 00:00,16769.0
21-Jul-2017 00:00,22-Jul-2017 00:00,7836.0
22-Jul-2017 00:00,23-Jul-2017 00:00,13882.0
23-Jul-2017 00:00,24-Jul-2017 00:00,16795.0
24-Jul-2017 00:00,25-Jul-2017 00:00,8085.0
25-Jul-2017 00:00,26-Jul-2017 00:00,12187.0
26-Jul-2017 00:00,27-Jul-2017 00:00,9712.0
27-Jul-2017 00:00,28-Jul-2017 00:00,14567.0
28-Jul-2017 00:00,29-Jul-2017 00:00,6910.0
29-Jul-2017 00:00,30-Jul-2017 00:00,15714.0
30-Jul-2017 00:00,31-Jul-2017 00:00,8341.0
31-Jul-2017 00:00,01-Aug-2017 00:00,6496.0
01-Aug-2017 00:00,02-Aug-2017 00:00,7717.0
02-Aug-2017 00:00,03-Aug-2017 00:00,14129.0
03-Aug-2017 00:00,04-Aug-2017 00:00,5896.0
04-Aug-2017 00:00,05-Aug-2017 00:00,17010.0
05-Aug-2017 00:00,06-Aug-2017 00:00,18771.0
06-Aug-2017 00:00,07-Aug-2017 00:00,18298.0
07-Aug-2017 00:00,08-Aug-2017 00:00,11141.0
08-Aug-2017 00:00,09-Aug-2017 00:00,10765.0
09-Aug-2017 00:00,10-Aug-2017 00:00,8474.0
10-Aug-2017 00:00,11-Aug-2017 00:00,15016.0
11-Aug-2017 00:00,12-Aug-2017 00:00,8806.0
12-Aug-2017 00:00,13-Aug-2017 00:00,19521.3512984733
13-Aug-2017 00:00,14-Aug-2017 00:00,11267.6487015267
14-Aug-2017 00:00,15-Aug-2017 00:00,6532.0
15-Aug-2017 00:00,16-Aug-2017 00:00,7084.0
16-Aug-2017 00:00,17-Aug-2017 00:00,9233.0
17-Aug-2017 00:00,18-Aug-2017 00:00,15896.0
18-Aug-2017 00:00,19-Aug-2017 00:00,9672.0
19-Aug-2017 00:00,20-Aug-2017 00:00,23086.0
20-Aug-2017 00:00,21-Aug-2017 00:00,11557.0
21-Aug-2017 00:00,22-Aug-2017 00:00,7692.0
22-Aug-2017 00:00,23-Aug-2017 00:00,8090.0
23-Aug-2017 00:00,24-Aug-2017 00:00,8386.0
24-Aug-2017 00:00,25-Aug-2017 00:00,14889.0
25-Aug-2017 00:00,26-Aug-2017 00:00,8849.0
26-Aug-2017 00:00,27-Aug-2017 00:00,18925.0
27-Aug-2017 00:00,28-Aug-2017 00:00,19113.0
28-Aug-2017 00:00,29-Aug-2017 00:00,6838.0
29-Aug-2017 00:00,30-Aug-2017 00:00,9180.0
30-Aug-2017 00:00,31-Aug-2017 00:00,7497.0
31-Aug-2017 00:00,01-Sep-2017 00:00,11407.0
01-Sep-2017 00:00,02-Sep-2017 00:00,8343.0
02-Sep-2017 00:00,03-Sep-2017 00:00,12451.0
03-Sep-2017 00:00,04-Sep-2017 00:00,10411.0
04-Sep-2017 00:00,05-Sep-2017 00:00,8830.0
05-Sep-2017 00:00,06-Sep-2017 00:00,12379.0
06-Sep-2017 00:00,07-Sep-2017 00:00,10736.0
07-Sep-2017 00:00,08-Sep-2017 00:00,15572.0
08-Sep-2017 00:00,09-Sep-2017 00:00,10667.0
09-Sep-2017 00:00,10-Sep-2017 00:00,12296.0
10-Sep-2017 00:00,11-Sep-2017 00:00,11904.0
11-Sep-2017 00:00,12-Sep-2017 00:00,7526.0
12-Sep-2017 00:00,13-Sep-2017 00:00,8524.0
13-Sep-2017 00:00,14-Sep-2017 00:00,7669.0
14-Sep-2017 00:00,15-Sep-2017 00:00,10840.0
15-Sep-2017 00:00,16-Sep-2017 00:00,8510.0
16-Sep-2017 00:00,17-Sep-2017 00:00,12202.0
17-Sep-2017 00:00,18-Sep-2017 00:00,9877.0
18-Sep-2017 00:00,19-Sep-2017 00:00,10529.0
19-Sep-2017 00:00,20-Sep-2017 00:00,12962.0
20-Sep-2017 00:00,21-Sep-2017 00:00,9535.0
21-Sep-2017 00:00,22-Sep-2017 00:00,13965.0
22-Sep-2017 00:00,23-Sep-2017 00:00,6761.0
23-Sep-2017 00:00,24-Sep-2017 00:00,14855.0
24-Sep-2017 00:00,25-Sep-2017 00:00,15137.0
25-Sep-2017 00:00,26-Sep-2017 00:00,15586.0
26-Sep-2017 00:00,27-Sep-2017 00:00,13911.0
27-Sep-2017 00:00,28-Sep-2017 00:00,9896.0
28-Sep-2017 00:00,29-Sep-2017 00:00,16874.0
29-Sep-2017 00:00,30-Sep-2017 00:00,11030.0
30-Sep-2017 00:00,01-Oct-2017 00:00,12453.0
01-Oct-2017 00:00,02-Oct-2017 00:00,11507.0
02-Oct-2017 00:00,03-Oct-2017 00:00,11920.0
03-Oct-2017 00:00,04-Oct-2017 00:00,8631.0
04-Oct-2017 00:00,05-Oct-2017 00:00,13188.0
05-Oct-2017 00:00,06-Oct-2017 00:00,17919.0
06-Oct-2017 00:00,07-Oct-2017 00:00,9626.0
07-Oct-2017 00:00,08-Oct-2017 00:00,15031.0
08-Oct-2017 00:00,09-Oct-2017 00:00,10567.0
09-Oct-2017 00:00,10-Oct-2017 00:00,12035.0
10-Oct-2017 00:00,11-Oct-2017 00:00,20966.0
11-Oct-2017 00:00,12-Oct-2017 00:00,8043.0
12-Oct-2017 00:00,13-Oct-2017 00:00,10501.0
13-Oct-2017 00:00,14-Oct-2017 00:00,13050.0
14-Oct-2017 00:00,15-Oct-2017 00:00,17421.0
15-Oct-2017 00:00,16-Oct-2017 00:00,23360.0
16-Oct-2017 00:00,17-Oct-2017 00:00,11264.0
17-Oct-2017 00:00,18-Oct-2017 00:00,12333.0
18-Oct-2017 00:00,19-Oct-2017 00:00,8920.0
19-Oct-2017 00:00,20-Oct-2017 00:00,14146.0
20-Oct-2017 00:00,21-Oct-2017 00:00,7499.0
21-Oct-2017 00:00,22-Oct-2017 00:00,14771.0
22-Oct-2017 00:00,23-Oct-2017 00:00,13833.0
23-Oct-2017 00:00,24-Oct-2017 00:00,9933.0
24-Oct-2017 00:00,25-Oct-2017 00:00,17637.0
25-Oct-2017 00:00,26-Oct-2017 00:00,8609.0
26-Oct-2017 00:00,27-Oct-2017 00:00,16863.0
27-Oct-2017 00:00,28-Oct-2017 00:00,7118.0
28-Oct-2017 00:00,29-Oct-2017 00:00,17675.0
29-Oct-2017 00:00,30-Oct-2017 00:00,13139.0
30-Oct-2017 00:00,31-Oct-2017 00:00,9232.0
31-Oct-2017 00:00,01-Nov-2017 00:00,7883.0
01-Nov-2017 00:00,02-Nov-2017 00:00,7882.0
02-Nov-2017 00:00,03-Nov-2017 00:00,17414.0
03-Nov-2017 00:00,04-Nov-2017 00:00,7113.0
04-Nov-2017 00:00,05-Nov-2017 00:00,17230.0
05-Nov-2017 00:00,06-Nov-2017 00:00,10151.0
06-Nov-2017 00:00,07-Nov-2017 00:00,9468.0
07-Nov-2017 00:00,08-Nov-2017 00:00,11043.0
08-Nov-2017 00:00,09-Nov-2017 00:00,10303.0
09-Nov-2017 00:00,10-Nov-2017 00:00,15291.0
10-Nov-2017 00:00,11-Nov-2017 00:00,6895.0
11-Nov-2017 00:00,12-Nov-2017 00:00,16839.0
12-Nov-2017 00:00,13-Nov-2017 00:00,12608.0
13-Nov-2017 00:00,14-Nov-2017 00:00,12297.0
14-Nov-2017 00:00,15-Nov-2017 00:00,7461.0
15-Nov-2017 00:00,16-Nov-2017 00:00,9117.0
16-Nov-2017 00:00,17-Nov-2017 00:00,17226.0
17-Nov-2017 00:00,18-Nov-2017 00:00,9087.0120271787
18-Nov-2017 00:00,19-Nov-2017 00:00,16188.9879728213
19-Nov-2017 00:00,20-Nov-2017 00:00,13991.0
20-Nov-2017 00:00,21-Nov-2017 00:00,8628.0
21-Nov-2017 00:00,22-Nov-2017 00:00,6912.0
22-Nov-2017 00:00,23-Nov-2017 00:00,7736.0
23-Nov-2017 00:00,24-Nov-2017 00:00,16576.0
24-Nov-2017 00:00,25-Nov-2017 00:00,7853.0
25-Nov-2017 00:00,26-Nov-2017 00:00,13601.0
26-Nov-2017 00:00,27-Nov-2017 00:00,13808.0
27-Nov-2017 00:00,28-Nov-2017 00:00,10775.0
28-Nov-2017 00:00,29-Nov-2017 00:00,6421.0
29-Nov-2017 00:00,30-Nov-2017 00:00,7386.0
30-Nov-2017 00:00,01-Dec-2017 00:00,14447.0
01-Dec-2017 00:00,02-Dec-2017 00:00,8804.0
02-Dec-2017 00:00,03-Dec-2017 00:00,10681.0
03-Dec-2017 00:00,04-Dec-2017 00:00,15844.0
04-Dec-2017 00:00,05-Dec-2017 00:00,10447.0
05-Dec-2017 00:00,06-Dec-2017 00:00,9323.0
06-Dec-2017 00:00,07-Dec-2017 00:00,10587.0
07-Dec-2017 00:00,08-Dec-2017 00:00,17700.0
08-Dec-2017 00:00,09-Dec-2017 00:00,8183.0
09-Dec-2017 00:00,10-Dec-2017 00:00,12070.0
10-Dec-2017 00:00,11-Dec-2017 00:00,11761.0
11-Dec-2017 00:00,12-Dec-2017 00:00,8110.0
12-Dec-2017 00:00,13-Dec-2017 00:00,17299.0
13-Dec-2017 00:00,14-Dec-2017 00:00,9310.0
14-Dec-2017 00:00,15-Dec-2017 00:00,10910.0
15-Dec-2017 00:00,16-Dec-2017 00:00,7637.0
16-Dec-2017 00:00,17-Dec-2017 00:00,14766.0
17-Dec-2017 00:00,18-Dec-2017 00:00,13176.0
18-Dec-2017 00:00,19-Dec-2017 00:00,10498.0
19-Dec-2017 00:00,20-Dec-2017 00:00,7700.0
20-Dec-2017 00:00,21-Dec-2017 00:00,6618.0
21-Dec-2017 00:00,22-Dec-2017 00:00,9367.0
22-Dec-2017 00:00,23-Dec-2017 00:00,6832.0
23-Dec-2017 00:00,24-Dec-2017 00:00,11890.0
24-Dec-2017 00:00,25-Dec-2017 00:00,9458.0
25-Dec-2017 00:00,26-Dec-2017 00:00,18894.0
26-Dec-2017 00:00,27-Dec-2017 00:00,14162.0
27-Dec-2017 00:00,28-Dec-2017 00:00,11894.0
28-Dec-2017 00:00,29-Dec-2017 00:00,9292.0
29-Dec-2017 00:00,30-Dec-2017 00:00,10160.0
30-Dec-2017 00:00,31-Dec-2017 00:00,13119.0
31-Dec-2017 00:00,01-Jan-2018 00:00,7147.71939384121
01-Jan-2018 00:00,02-Jan-2018 00:00,6811.28060615879
02-Jan-2018 00:00,03-Jan-2018 00:00,14885.0
03-Jan-2018 00:00,04-Jan-2018 00:00,14397.0
04-Jan-2018 00:00,05-Jan-2018 00:00,11103.0
05-Jan-2018 00:00,06-Jan-2018 00:00,7224.0
06-Jan-2018 00:00,07-Jan-2018 00:00,12057.0
07-Jan-2018 00:00,08-Jan-2018 00:00,8846.0
08-Jan-2018 00:00,09-Jan-2018 00:00,9794.0
09-Jan-2018 00:00,10-Jan-2018 00:00,9301.0
10-Jan-2018 00:00,11-Jan-2018 00:00,10175.0
11-Jan-2018 00:00,12-Jan-2018 00:00,13456.0
12-Jan-2018 00:00,13-Jan-2018 00:00,8698.0
13-Jan-2018 00:00,14-Jan-2018 00:00,16180.0
14-Jan-2018 00:00,15-Jan-2018 00:00,16628.0
15-Jan-2018 00:00,16-Jan-2018 00:00,8362.0
16-Jan-2018 00:00,17-Jan-2018 00:00,9156.31845269939
17-Jan-2018 00:00,18-Jan-2018 00:00,7065.68154730061
18-Jan-2018 00:00,19-Jan-2018 00:00,14348.0
19-Jan-2018 00:00,20-Jan-2018 00:00,7152.0
20-Jan-2018 00:00,21-Jan-2018 00:00,15817.0
21-Jan-2018 00:00,22-Jan-2018 00:00,10199.0
22-Jan-2018 00:00,23-Jan-2018 00:00,15186.0
23-Jan-2018 00:00,24-Jan-2018 00:00,10509.0
24-Jan-2018 00:00,25-Jan-2018 00:00,8482.0
25-Jan-2018 00:00,26-Jan-2018 00:00,15101.0
26-Jan-2018 00:00,27-Jan-2018 00:00,7715.0
27-Jan-2018 00:00,28-Jan-2018 00:00,13586.0
28-Jan-2018 00:00,29-Jan-2018 00:00,10537.0
29-Jan-2018 00:00,30-Jan-2018 00:00,8482.0
30-Jan-2018 00:00,31-Jan-2018 00:00,14489.0
31-Jan-2018 00:00,01-Feb-2018 00:00,7378.0
01-Feb-2018 00:00,02-Feb-2018 00:00,15150.0
02-Feb-2018 00:00,03-Feb-2018 00:00,8361.0
03-Feb-2018 00:00,04-Feb-2018 00:00,18351.0
04-Feb-2018 00:00,05-Feb-2018 00:00,11370.0
05-Feb-2018 00:00,06-Feb-2018 00:00,7518.0
06-Feb-2018 00:00,07-Feb-2018 00:00,16636.0
07-Feb-2018 00:00,08-Feb-2018 00:00,7936.0
08-Feb-2018 00:00,09-Feb-2018 00:00,17435.0
09-Feb-2018 00:00,10-Feb-2018 00:00,8969.0
10-Feb-2018 00:00,11-Feb-2018 00:00,18631.0
11-Feb-2018 00:00,12-Feb-2018 00:00,17721.0
12-Feb-2018 00:00,13-Feb-2018 00:00,8187.0
13-Feb-2018 00:00,14-Feb-2018 00:00,8650.0
14-Feb-2018 00:00,15-Feb-2018 00:00,8988.0
15-Feb-2018 00:00,16-Feb-2018 00:00,17231.0
16-Feb-2018 00:00,17-Feb-2018 00:00,9093.0
17-Feb-2018 00:00,18-Feb-2018 00:00,13426.0
18-Feb-2018 00:00,19-Feb-2018 00:00,12335.0
19-Feb-2018 00:00,20-Feb-2018 00:00,8990.0
20-Feb-2018 00:00,21-Feb-2018 00:00,8856.0
21-Feb-2018 00:00,22-Feb-2018 00:00,8924.0
22-Feb-2018 00:00,23-Feb-2018 00:00,18304.0
23-Feb-2018 00:00,24-Feb-2018 00:00,9434.0
24-Feb-2018 00:00,25-Feb-2018 00:00,11654.0
25-Feb-2018 00:00,26-Feb-2018 00:00,11003.0
26-Feb-2018 00:00,27-Feb-2018 00:00,14077.0
27-Feb-2018 00:00,28-Feb-2018 00:00,8196.0
28-Feb-2018 00:00,01-Mar-2018 00:00,11425.0
01-Mar-2018 00:00,02-Mar-2018 00:00,18760.0
02-Mar-2018 00:00,03-Mar-2018 00:00,10326.0
03-Mar-2018 00:00,04-Mar-2018 00:00,22351.4151754988
04-Mar-2018 00:00,05-Mar-2018 00:00,15742.5848245012
05-Mar-2018 00:00,06-Mar-2018 00:00,7186.0
06-Mar-2018 00:00,07-Mar-2018 00:00,8868.0
07-Mar-2018 00:00,08-Mar-2018 00:00,10190.0
08-Mar-2018 00:00,09-Mar-2018 00:00,15237.0
09-Mar-2018 00:00,10-Mar-2018 00:00,9828.0
10-Mar-2018 00:00,11-Mar-2018 00:00,9816.0
11-Mar-2018 00:00,12-Mar-2018 00:00,10743.0
12-Mar-2018 00:00,13-Mar-2018 00:00,8911.0
13-Mar-2018 00:00,14-Mar-2018 00:00,10546.0
14-Mar-2018 00:00,15-Mar-2018 00:00,11502.0
15-Mar-2018 00:00,16-Mar-2018 00:00,12946.0
16-Mar-2018 00:00,17-Mar-2018 00:00,15486.0
17-Mar-2018 00:00,18-Mar-2018 00:00,12469.0
18-Mar-2018 00:00,19-Mar-2018 00:00,11744.0
19-Mar-2018 00:00,20-Mar-2018 00:00,11390.0
20-Mar-2018 00:00,21-Mar-2018 00:00,8103.0
21-Mar-2018 00:00,22-Mar-2018 00:00,8764.0
22-Mar-2018 00:00,23-Mar-2018 00:00,13276.0
23-Mar-2018 00:00,24-Mar-2018 00:00,8943.0
24-Mar-2018 00:00,25-Mar-2018 00:00,15521.4877817778
25-Mar-2018 00:00,26-Mar-2018 00:00,21799.5122182222
26-Mar-2018 00:00,27-Mar-2018 00:00,10006.0
27-Mar-2018 00:00,28-Mar-2018 00:00,11226.0
28-Mar-2018 00:00,29-Mar-2018 00:00,9417.0
29-Mar-2018 00:00,30-Mar-2018 00:00,18896.0
30-Mar-2018 00:00,31-Mar-2018 00:00,15109.0
31-Mar-2018 00:00,01-Apr-2018 00:00,14434.0
01-Apr-2018 00:00,02-Apr-2018 00:00,14214.0
02-Apr-2018 00:00,03-Apr-2018 00:00,15099.0
03-Apr-2018 00:00,04-Apr-2018 00:00,8288.0
04-Apr-2018 00:00,05-Apr-2018 00:00,22250.0
05-Apr-2018 00:00,06-Apr-2018 00:00,12994.0
06-Apr-2018 00:00,07-Apr-2018 00:00,14231.0
07-Apr-2018 00:00,08-Apr-2018 00:00,19608.0
08-Apr-2018 00:00,09-Apr-2018 00:00,8339.0
09-Apr-2018 00:00,10-Apr-2018 00:00,15195.0
10-Apr-2018 00:00,11-Apr-2018 00:00,16301.0
11-Apr-2018 00:00,12-Apr-2018 00:00,11010.0
12-Apr-2018 00:00,13-Apr-2018 00:00,12820.0
13-Apr-2018 00:00,14-Apr-2018 00:00,12447.0
14-Apr-2018 00:00,15-Apr-2018 00:00,19721.0
15-Apr-2018 00:00,16-Apr-2018 00:00,14521.0
16-Apr-2018 00:00,17-Apr-2018 00:00,13887.0
17-Apr-2018 00:00,18-Apr-2018 00:00,6947.0
18-Apr-2018 00:00,19-Apr-2018 00:00,12970.0
19-Apr-2018 00:00,20-Apr-2018 00:00,11657.0
20-Apr-2018 00:00,21-Apr-2018 00:00,14157.0
21-Apr-2018 00:00,22-Apr-2018 00:00,15125.0
22-Apr-2018 00:00,23-Apr-2018 00:00,10669.0
23-Apr-2018 00:00,24-Apr-2018 00:00,11897.0
24-Apr-2018 00:00,25-Apr-2018 00:00,7903.0
25-Apr-2018 00:00,26-Apr-2018 00:00,10514.0
26-Apr-2018 00:00,27-Apr-2018 00:00,11555.0
27-Apr-2018 00:00,28-Apr-2018 00:00,12420.0
28-Apr-2018 00:00,29-Apr-2018 00:00,19363.0
29-Apr-2018 00:00,30-Apr-2018 00:00,9584.0
30-Apr-2018 00:00,01-May-2018 00:00,8932.0
01-May-2018 00:00,02-May-2018 00:00,8762.0
02-May-2018 00:00,03-May-2018 00:00,12936.0
03-May-2018 00:00,04-May-2018 00:00,9667.0
04-May-2018 00:00,05-May-2018 00:00,9996.0
05-May-2018 00:00,06-May-2018 00:00,9684.0
06-May-2018 00:00,07-May-2018 00:00,8626.0
07-May-2018 00:00,08-May-2018 00:00,10293.0
08-May-2018 00:00,09-May-2018 00:00,7661.0
09-May-2018 00:00,10-May-2018 00:00,14078.0
10-May-2018 00:00,11-May-2018 00:00,10637.0
11-May-2018 00:00,12-May-2018 00:00,13241.0
12-May-2018 00:00,13-May-2018 00:00,8930.0
13-May-2018 00:00,14-May-2018 00:00,15182.0
14-May-2018 00:00,15-May-2018 00:00,7356.0
15-May-2018 00:00,16-May-2018 00:00,6913.0
16-May-2018 00:00,17-May-2018 00:00,8304.0
17-May-2018 00:00,18-May-2018 00:00,9683.0
18-May-2018 00:00,19-May-2018 00:00,13739.0
19-May-2018 00:00,20-May-2018 00:00,10888.0
20-May-2018 00:00,21-May-2018 00:00,7521.0
21-May-2018 00:00,22-May-2018 00:00,9892.0
22-May-2018 00:00,23-May-2018 00:00,9409.0
23-May-2018 00:00,24-May-2018 00:00,10263.0
24-May-2018 00:00,25-May-2018 00:00,10873.0
25-May-2018 00:00,26-May-2018 00:00,12780.0
26-May-2018 00:00,27-May-2018 00:00,14595.0
27-May-2018 00:00,28-May-2018 00:00,9825.0
28-May-2018 00:00,29-May-2018 00:00,7433.0
29-May-2018 00:00,30-May-2018 00:00,7488.0
30-May-2018 00:00,31-May-2018 00:00,8528.0
31-May-2018 00:00,01-Jun-2018 00:00,14177.0
01-Jun-2018 00:00,02-Jun-2018 00:00,7927.0
02-Jun-2018 00:00,03-Jun-2018 00:00,16224.0
03-Jun-2018 00:00,04-Jun-2018 00:00,11944.0
04-Jun-2018 00:00,05-Jun-2018 00:00,9308.0
05-Jun-2018 00:00,06-Jun-2018 00:00,8322.0
06-Jun-2018 00:00,07-Jun-2018 00:00,8036.0
07-Jun-2018 00:00,08-Jun-2018 00:00,14296.0
08-Jun-2018 00:00,09-Jun-2018 00:00,10964.0
09-Jun-2018 00:00,10-Jun-2018 00:00,19688.0
10-Jun-2018 00:00,11-Jun-2018 00:00,13741.0
11-Jun-2018 00:00,12-Jun-2018 00:00,7517.0
12-Jun-2018 00:00,13-Jun-2018 00:00,8701.0
13-Jun-2018 00:00,14-Jun-2018 00:00,7890.0
14-Jun-2018 00:00,15-Jun-2018 00:00,9734.0
15-Jun-2018 00:00,16-Jun-2018 00:00,18528.2231692218
16-Jun-2018 00:00,17-Jun-2018 00:00,17822.7768307782
17-Jun-2018 00:00,18-Jun-2018 00:00,9786.0
18-Jun-2018 00:00,19-Jun-2018 00:00,8230.0
19-Jun-2018 00:00,20-Jun-2018 00:00,9616.669661615
20-Jun-2018 00:00,21-Jun-2018 00:00,10978.330338385
21-Jun-2018 00:00,22-Jun-2018 00:00,14492.0
22-Jun-2018 00:00,23-Jun-2018 00:00,9385.0
23-Jun-2018 00:00,24-Jun-2018 00:00,11992.0
24-Jun-2018 00:00,25-Jun-2018 00:00,13572.0
25-Jun-2018 00:00,26-Jun-2018 00:00,8843.0
26-Jun-2018 00:00,27-Jun-2018 00:00,8668.91451856414
27-Jun-2018 00:00,28-Jun-2018 00:00,15234.0854814359
28-Jun-2018 00:00,29-Jun-2018 00:00,17129.0
29-Jun-2018 00:00,30-Jun-2018 00:00,14222.0
30-Jun-2018 00:00,01-Jul-2018 00:00,12234.0
01-Jul-2018 00:00,02-Jul-2018 00:00,14947.0
02-Jul-2018 00:00,03-Jul-2018 00:00,7618.0
03-Jul-2018 00:00,04-Jul-2018 00:00,7014.0
04-Jul-2018 00:00,05-Jul-2018 00:00,7012.0
05-Jul-2018 00:00,06-Jul-2018 00:00,7521.0
06-Jul-2018 00:00,07-Jul-2018 00:00,8952.0
07-Jul-2018 00:00,08-Jul-2018 00:00,11776.0
08-Jul-2018 00:00,09-Jul-2018 00:00,12781.0
09-Jul-2018 00:00,10-Jul-2018 00:00,8584.0
10-Jul-2018 00:00,11-Jul-2018 00:00,8586.0
11-Jul-2018 00:00,12-Jul-2018 00:00,8721.0
12-Jul-2018 00:00,13-Jul-2018 00:00,12645.0
13-Jul-2018 00:00,14-Jul-2018 00:00,19575.0
14-Jul-2018 00:00,15-Jul-2018 00:00,8318.0
15-Jul-2018 00:00,16-Jul-2018 00:00,17199.0
16-Jul-2018 00:00,17-Jul-2018 00:00,6599.0
17-Jul-2018 00:00,18-Jul-2018 00:00,8109.26314870909
18-Jul-2018 00:00,19-Jul-2018 00:00,12495.7368512909
19-Jul-2018 00:00,20-Jul-2018 00:00,18091.0
20-Jul-2018 00:00,21-Jul-2018 00:00,13369.0
21-Jul-2018 00:00,22-Jul-2018 00:00,18996.0
22-Jul-2018 00:00,23-Jul-2018 00:00,13358.0
23-Jul-2018 00:00,24-Jul-2018 00:00,9657.0
24-Jul-2018 00:00,25-Jul-2018 00:00,7614.0
25-Jul-2018 00:00,26-Jul-2018 00:00,12343.0
26-Jul-2018 00:00,27-Jul-2018 00:00,14974.0
27-Jul-2018 00:00,28-Jul-2018 00:00,11906.0
28-Jul-2018 00:00,29-Jul-2018 00:00,14947.0
29-Jul-2018 00:00,30-Jul-2018 00:00,21670.0
30-Jul-2018 00:00,31-Jul-2018 00:00,10672.0
31-Jul-2018 00:00,01-Aug-2018 00:00,12998.9599442514
01-Aug-2018 00:00,02-Aug-2018 00:00,13235.0400557486
02-Aug-2018 00:00,03-Aug-2018 00:00,16392.4818809435
03-Aug-2018 00:00,04-Aug-2018 00:00,11891.4001883918
04-Aug-2018 00:00,05-Aug-2018 00:00,12367.1179306646
05-Aug-2018 00:00,06-Aug-2018 00:00,9798.0
06-Aug-2018 00:00,07-Aug-2018 00:00,12137.0
07-Aug-2018 00:00,08-Aug-2018 00:00,9859.0
08-Aug-2018 00:00,09-Aug-2018 00:00,10500.4891989728
09-Aug-2018 00:00,10-Aug-2018 00:00,14378.5108010272
10-Aug-2018 00:00,11-Aug-2018 00:00,8801.0
11-Aug-2018 00:00,12-Aug-2018 00:00,20015.0
12-Aug-2018 00:00,13-Aug-2018 00:00,12238.0
13-Aug-2018 00:00,14-Aug-2018 00:00,15201.0
14-Aug-2018 00:00,15-Aug-2018 00:00,3057.0
